business_name,tier,channel,opportunity,gaps,dm_draft,status,notes,owner_name,phone,email,instagram,facebook,website,website_status,address,city,category,rating,reviews,google_maps_url,date_added,key
Chef In A Box,A,Needs research,5,no website; no Instagram,"Hi there! I came across Chef In A Box in Aurora — great reviews, but I noticed people can't book or browse you online yet. I build simple sites for taco restaurants that turn Google searches into booked appointments — mind if I share a quick idea here?",,,,+1 303-656-0102,,,,,none,"365 N Telluride St, Aurora, CO 80011",Aurora,Taco restaurant,4.5,171.0,"https://www.google.com/maps/place/Chef+In+A+Box/@39.723464899999996,-104.7838182,14z/data=!4m8!1m2!2m1!1sChef+In+A+Box!3m4!1s0x876c893fb6a4435b:0xe39bf34e61990528!8m2!3d39.723464899999996!4d-104.7838182",2026-07-15,ChIJW0Oktj-JbIcRKAWZYU7zm-M
CHEF IN A BOX,A,Needs research,5,no website; no Instagram,"Hi there! I came across CHEF IN A BOX in Aurora — great reviews, but I noticed people can't book or browse you online yet. I build simple sites for restaurants that turn Google searches into booked appointments — mind if I share a quick idea here?",,,,,,,,,none,"3475 Salida Ct, Aurora, CO 80011",Aurora,Restaurant,4.6,51.0,"https://www.google.com/maps/place/CHEF+IN+A+BOX/@39.7625161,-104.777188,14z/data=!4m8!1m2!2m1!1sCHEF+IN+A+BOX!3m4!1s0x876c63000b421119:0x65d8daead4629f3c!8m2!3d39.7625161!4d-104.777188",2026-07-15,ChIJGRFCCwBjbIcRPJ9i1Ora2GU
Los TacoAches,C,Needs research,2,no Instagram,Hi there! Los TacoAches stood out — 4.8★ across 116 reviews is no accident. I help mexican restaurants turn that reputation into more booked appointments without leaning harder on ads — mind if I share a quick idea here?,,,,+1 720-238-4676,,,,https://www.lostacoaches.co/,real,"11091 E Mississippi Ave, Aurora, CO 80012",Aurora,Mexican restaurant,4.8,116.0,"https://www.google.com/maps/place/Los+TacoAches/@39.697001,-104.85927029999999,14z/data=!4m8!1m2!2m1!1sLos+TacoAches!3m4!1s0x876c8900592b63e5:0x82971e56a9ae481c!8m2!3d39.697001!4d-104.85927029999999",2026-07-15,ChIJ5WMrWQCJbIcRHEiuqVYel4I
D'Gusto American Food Truck,B,Needs research,6,social page only; no Instagram; few reviews,"Hi there! I came across D'Gusto American Food Truck in Aurora — great reviews, but a social page is doing all the work a website should be doing. I build simple sites for venezuelan restaurants that turn Google searches into booked appointments — mind if I share a quick idea here?",,,,+1 720-418-0683,,,,https://www.instagram.com/dgustoco%3Figsh%3DMWp0ZWJ2dGtpMTU0aQ%3D%3D,social-only,"1802 S Havana St, Aurora, CO 80012",Aurora,Venezuelan restaurant,4.5,17.0,"https://www.google.com/maps/place/D%27Gusto+American+Food+Truck/@39.683615499999995,-104.8656949,14z/data=!4m8!1m2!2m1!1sD%27Gusto+American+Food+Truck!3m4!1s0x876c630059db9ff7:0x4621a15fade55e3!8m2!3d39.683615499999995!4d-104.8656949",2026-07-15,ChIJ95_bWQBjbIcR41Xe-hUaYgQ
Chef In A Box,A,Needs research,5,no website; no Instagram,"Hi there! I came across Chef In A Box in Aurora — great reviews, but I noticed people can't book or browse you online yet. I build simple sites for restaurants that turn Google searches into booked appointments — mind if I share a quick idea here?",,,,+1 303-501-0107,,,,,none,"5600 S Chambers Rd, Aurora, CO 80015",Aurora,Restaurant,4.9,54.0,"https://www.google.com/maps/place/Chef+In+A+Box/@39.6163884,-104.8116594,14z/data=!4m8!1m2!2m1!1sChef+In+A+Box!3m4!1s0x876c6d0eea31e645:0x21525985b1aa72b0!8m2!3d39.6163884!4d-104.8116594",2026-07-15,ChIJReYx6g5tbIcRsHKqsYVZUiE
Vegan Encounter,D,Email,3,no Instagram; few reviews,Hi there! Vegan Encounter stood out — 4.8★ across 22 reviews is no accident. I help mobile caterers turn that reputation into more booked appointments without leaning harder on ads — mind if I share a quick idea here?,,,,+1 720-761-4408,vegan.encounter.2025@gmail.com,,,https://veganencounter.com/,real,"1802 S Havana St, Aurora, CO 80012",Aurora,Mobile caterer,4.8,22.0,"https://www.google.com/maps/place/Vegan+Encounter/@39.6836188,-104.86557429999999,14z/data=!4m8!1m2!2m1!1sVegan+Encounter!3m4!1s0x876c7d3ba4928bb9:0x82e445b233bb59e6!8m2!3d39.6836188!4d-104.86557429999999",2026-07-15,ChIJuYuSpDt9bIcR5lm7M7JF5II
Pique y Jale - Nicaraguan Food Truck,A,Needs research,6,no website; no Instagram; few reviews,"Hi there! I came across Pique y Jale - Nicaraguan Food Truck in Aurora — great reviews, but I noticed people can't book or browse you online yet. I build simple sites for fast food restaurants that turn Google searches into booked appointments — mind if I share a quick idea here?",,,,+1 720-353-3226,,,,,none,"1802 S Havana St, Aurora, CO 80012",Aurora,Fast food restaurant,4.6,33.0,"https://www.google.com/maps/place/Pique+y+Jale+-+Nicaraguan+Food+Truck/@39.6836188,-104.86557429999999,14z/data=!4m8!1m2!2m1!1sPique+y+Jale+-+Nicaraguan+Food+Truck!3m4!1s0x876c7d0036f07715:0xd87a19c77e0b8a9c!8m2!3d39.6836188!4d-104.86557429999999",2026-07-15,ChIJFXfwNgB9bIcRnIoLfscZetg
Mordisco Venezuelan Food Truck,B,Needs research,6,no website; no Instagram; few reviews,"Hi there! I came across Mordisco Venezuelan Food Truck in Aurora — great reviews, but I noticed people can't book or browse you online yet. I build simple sites for fast food restaurants that turn Google searches into booked appointments — mind if I share a quick idea here?",,,,,,,,,none,"1701 S Havana St, Aurora, CO 80012",Aurora,Fast food restaurant,5.0,12.0,"https://www.google.com/maps/place/Mordisco+Venezuelan+Food+Truck/@39.6846165,-104.8679004,14z/data=!4m8!1m2!2m1!1sMordisco+Venezuelan+Food+Truck!3m4!1s0x876c7d006b52ff23:0x75ffae02a9ca707a!8m2!3d39.6846165!4d-104.8679004",2026-07-15,ChIJI_9SawB9bIcRenDKqQKu_3U
Talavera Cocina Food Truck,D,DM,1,few reviews,Hi there! I came across Talavera Cocina Food Truck in Aurora and loved what you're doing. I help mexican restaurants get found by more local customers on Google — mind if I share a quick idea here?,,,,+1 720-323-0276,,https://www.instagram.com/talavera_cocina,https://www.facebook.com/LizsCakePage,https://www.talaveracocina.com/,real,"523 S Troy St, Aurora, CO 80012",Aurora,Mexican restaurant,4.4,18.0,"https://www.google.com/maps/place/Talavera+Cocina+Food+Truck/@39.7038653,-104.83915499999999,14z/data=!4m8!1m2!2m1!1sTalavera+Cocina+Food+Truck!3m4!1s0x876c63df7f510e3f:0xc30a38b9d7db5378!8m2!3d39.7038653!4d-104.83915499999999",2026-07-15,ChIJPw5Rf99jbIcReFPb17k4CsM
Nanixhe Mexican Food Truck,B,Needs research,6,social page only; no Instagram; few reviews,"Hi there! I came across Nanixhe Mexican Food Truck in Aurora — great reviews, but a social page is doing all the work a website should be doing. I build simple sites for mexican restaurants that turn Google searches into booked appointments — mind if I share a quick idea here?",,,,,,,,https://www.facebook.com/share/1AGCqk86Wv/,social-only,"200 N Gun Club Rd, Aurora, CO 80018",Aurora,Mexican restaurant,4.9,14.0,"https://www.google.com/maps/place/Nanixhe+Mexican+Food+Truck/@39.7205114,-104.7156387,14z/data=!4m8!1m2!2m1!1sNanixhe+Mexican+Food+Truck!3m4!1s0x876c61007d70f9df:0xe742873a0cda96d2!8m2!3d39.7205114!4d-104.7156387",2026-07-15,ChIJ3_lwfQBhbIcR0pbaDDqHQuc
La Bicicleta Food Truck,A,Needs research,6,social page only; no Instagram; few reviews,"Hi there! I came across La Bicicleta Food Truck in Aurora — great reviews, but a social page is doing all the work a website should be doing. I build simple sites for mexican restaurants that turn Google searches into booked appointments — mind if I share a quick idea here?",,,,+1 720-723-8768,,,,https://www.facebook.com/share/1CQH6WRXbf/,social-only,"15200 E Colfax Ave Unit B, Aurora, CO 80011",Aurora,Mexican restaurant,4.1,43.0,"https://www.google.com/maps/place/La+Bicicleta+Food+Truck/@39.7380588,-104.81147759999999,14z/data=!4m8!1m2!2m1!1sLa+Bicicleta+Food+Truck!3m4!1s0x876c6306590315f9:0x3af23611038b5207!8m2!3d39.7380588!4d-104.81147759999999",2026-07-15,ChIJ-RUDWQZjbIcRB1KLAxE28jo
Los Güeros Food Truck,A,Needs research,6,no website; no Instagram; few reviews,"Hi there! I came across Los Güeros Food Truck in Aurora — great reviews, but I noticed people can't book or browse you online yet. I build simple sites for mexican restaurants that turn Google searches into booked appointments — mind if I share a quick idea here?",,,,+1 303-990-7975,,,,,none,"20418 E Colfax Ave, Aurora, CO 80018",Aurora,Mexican restaurant,4.8,36.0,"https://www.google.com/maps/place/Los+G%C3%BCeros+Food+Truck/@39.739179799999995,-104.7492613,14z/data=!4m8!1m2!2m1!1sLos+G%C3%BCeros+Food+Truck!3m4!1s0x876c65d982acdf1b:0x4f9373b1f0c9e0e1!8m2!3d39.739179799999995!4d-104.7492613",2026-07-15,ChIJG9-sgtllbIcR4eDJ8LFzk08
No Ke Aloha,C,Email,2,no Instagram,Hi there! No Ke Aloha stood out — 4.9★ across 353 reviews is no accident. I help restaurants turn that reputation into more booked appointments without leaning harder on ads — mind if I share a quick idea here?,,,,+1 720-492-4321,askus@nokealoha.com,,,http://www.nokealoha.com/,real,"854 S Buckley Rd, Aurora, CO 80017",Aurora,Restaurant,4.9,353.0,"https://www.google.com/maps/place/No+Ke+Aloha/@39.7011525,-104.7901156,14z/data=!4m8!1m2!2m1!1sNo+Ke+Aloha!3m4!1s0x876c6376fa13c5df:0xdb9e968b71f02ce3!8m2!3d39.7011525!4d-104.7901156",2026-07-15,ChIJ38UT-nZjbIcR4yzwcYuWnts
Big belly brothers bbq,C,DM,0,,Hi there! Big belly brothers bbq stood out — 4.6★ across 423 reviews is no accident. I help restaurants turn that reputation into more booked appointments without leaning harder on ads — mind if I share a quick idea here?,,,,+1 983-214-9478,bigbellybrothersbbq@gmail.com,https://www.instagram.com/bigbellybrothersbbq,https://www.facebook.com/bigbellybrothersbbq,https://www.bigbellybrothersbbq.com/,real,"11601 E Montview Blvd, Aurora, CO 80010",Aurora,Restaurant,4.6,423.0,"https://www.google.com/maps/place/Big+belly+brothers+bbq/@39.747625299999996,-104.8526902,14z/data=!4m8!1m2!2m1!1sBig+belly+brothers+bbq!3m4!1s0x876c7ddbc154be43:0x1773b6ee55002b19!8m2!3d39.747625299999996!4d-104.8526902",2026-07-15,ChIJQ75Uwdt9bIcRGSsAVe62cxc
El Zarandiao,B,DM,6,social page only; no Instagram; few reviews,"Hi there! I came across El Zarandiao in Aurora — great reviews, but a social page is doing all the work a website should be doing. I build simple sites for restaurants that turn Google searches into booked appointments — mind if I share a quick idea here?",,,,+1 720-500-3139,,,https://www.facebook.com/el.zarandiao.3,https://www.facebook.com/el.zarandiao.3,social-only,"15109 E Colfax Ave, Aurora, CO 80011",Aurora,Restaurant,4.9,21.0,"https://www.google.com/maps/place/El+Zarandiao/@39.7397971,-104.81160109999999,14z/data=!4m8!1m2!2m1!1sEl+Zarandiao!3m4!1s0x876c639526cae359:0x6fc6de17a1a75984!8m2!3d39.7397971!4d-104.81160109999999",2026-07-15,ChIJWePKJpVjbIcRhFmnoRfexm8
Tacos Y Machetes la Carpa,C,Email,2,no Instagram,Hi Cleo! I came across Tacos Y Machetes la Carpa in Aurora and loved what you're doing. I help mexican restaurants get found by more local customers on Google — mind if I share a quick idea here?,,,Cleo Fitzgerald,+1 720-620-9455,Cfitzg6505@aol.Com,,,http://lacarpatacosymachetes.com/,real,"15540 E 6th Ave, Aurora, CO 80011",Aurora,Mexican restaurant,4.3,222.0,"https://www.google.com/maps/place/Tacos+Y+Machetes+la+Carpa/@39.7244303,-104.80800119999999,14z/data=!4m8!1m2!2m1!1sTacos+Y+Machetes+la+Carpa!3m4!1s0x876c63e6932ba961:0xe12b84da28bb21fc!8m2!3d39.7244303!4d-104.80800119999999",2026-07-15,ChIJYakrk-ZjbIcR_CG7KNqEK-E
ArepasCO LLC,A,Needs research,6,no website; no Instagram; few reviews,"Hi there! I came across ArepasCO LLC in Aurora — great reviews, but I noticed people can't book or browse you online yet. I build simple sites for mobile caterers that turn Google searches into booked appointments — mind if I share a quick idea here?",,,,+1 720-518-0986,,,,,none,"12011 E Iliff Ave, Aurora, CO 80014",Aurora,Mobile caterer,4.1,35.0,"https://www.google.com/maps/place/ArepasCO+LLC/@39.6752442,-104.84814329999999,14z/data=!4m8!1m2!2m1!1sArepasCO+LLC!3m4!1s0x876c87d9c316688d:0x901373c8a3f7997e!8m2!3d39.6752442!4d-104.84814329999999",2026-07-15,ChIJjWgWw9mHbIcRfpn3o8hzE5A
Tacos-Guerrero Food Truck,B,Needs research,6,no website; no Instagram; few reviews,"Hi there! I came across Tacos-Guerrero Food Truck in Aurora — great reviews, but I noticed people can't book or browse you online yet. I build simple sites for fast food restaurants that turn Google searches into booked appointments — mind if I share a quick idea here?",,,,+1 720-900-7257,,,,,none,"Junto a Harbor Freight Tools, 13668 E Alameda Ave, Aurora, CO 80012",Aurora,Fast food restaurant,4.4,17.0,"https://www.google.com/maps/place/Tacos-Guerrero+Food+Truck/@39.7108892,-104.8306018,14z/data=!4m8!1m2!2m1!1sTacos-Guerrero+Food+Truck!3m4!1s0x876c63d6b20bbad9:0xb5f5c0b4951e538f!8m2!3d39.7108892!4d-104.8306018",2026-07-15,ChIJ2boLstZjbIcRj1MelbTA9bU
Órale Way! Food Truck,A,Needs research,5,no website; no Instagram,"Hi there! I came across Órale Way! Food Truck in Aurora — great reviews, but I noticed people can't book or browse you online yet. I build simple sites for mexican restaurants that turn Google searches into booked appointments — mind if I share a quick idea here?",,,,+1 720-365-4542,,,,,none,"3651 N Tower Dr, Aurora, CO 80011",Aurora,Mexican restaurant,4.5,115.0,"https://www.google.com/maps/place/%C3%93rale+Way%21+Food+Truck/@39.7813778,-104.770787,14z/data=!4m8!1m2!2m1!1s%C3%93rale+Way%21+Food+Truck!3m4!1s0x876c639984515bad:0x76091c0889f68672!8m2!3d39.7813778!4d-104.770787",2026-07-15,ChIJrVtRhJljbIcRcob2iQgcCXY
Tacos Guerrero,B,Needs research,6,no website; no Instagram; few reviews,"Hi there! I came across Tacos Guerrero in Aurora — great reviews, but I noticed people can't book or browse you online yet. I build simple sites for mexican restaurants that turn Google searches into booked appointments — mind if I share a quick idea here?",,,,,,,,,none,"15200 E Colfax Ave, Aurora, CO 80011",Aurora,Mexican restaurant,5.0,12.0,"https://www.google.com/maps/place/Tacos+Guerrero/@39.7395139,-104.81228399999999,14z/data=!4m8!1m2!2m1!1sTacos+Guerrero!3m4!1s0x876c635edcff2277:0xf10382d6e853d55d!8m2!3d39.7395139!4d-104.81228399999999",2026-07-15,ChIJdyL_3F5jbIcRXdVT6NaCA_E
Tacos Del Valle Inc,D,DM,1,few reviews,Hi there! Tacos Del Valle Inc stood out — 4.5★ across 10 reviews is no accident. I help restaurants turn that reputation into more booked appointments without leaning harder on ads — mind if I share a quick idea here?,,,,+1 303-356-7167,,https://www.instagram.com/yourpage,,http://tacotruckdnvr.com/,real,"10100 E Montview Blvd, Aurora, CO 80010",Aurora,Restaurant,4.5,10.0,"https://www.google.com/maps/place/Tacos+Del+Valle+Inc/@39.7471131,-104.87020369999999,14z/data=!4m8!1m2!2m1!1sTacos+Del+Valle+Inc!3m4!1s0x876c637b3263d459:0xfd55299357b8075a!8m2!3d39.7471131!4d-104.87020369999999",2026-07-15,ChIJWdRjMntjbIcRWge4V5MpVf0
Tacos el Reydesel,A,DM,5,social page only; no Instagram,"Hi there! I came across Tacos el Reydesel in Aurora — great reviews, but a social page is doing all the work a website should be doing. I build simple sites for mexican restaurants that turn Google searches into booked appointments — mind if I share a quick idea here?",,,,+1 720-245-5376,,,https://www.facebook.com/TeeNDaess,https://m.facebook.com/TeeNDaess/,social-only,"15200 E Colfax Ave, Aurora, CO 80011",Aurora,Mexican restaurant,4.2,58.0,"https://www.google.com/maps/place/Tacos+el+Reydesel/@39.738492199999996,-104.81171859999999,14z/data=!4m8!1m2!2m1!1sTacos+el+Reydesel!3m4!1s0x876c635920242a4f:0xe72607b803e04f83!8m2!3d39.738492199999996!4d-104.81171859999999",2026-07-15,ChIJTyokIFljbIcRg0_gA7gHJuc
Loma Bonita Kitchen LLC,B,Needs research,6,no website; no Instagram; few reviews,"Hi there! I came across Loma Bonita Kitchen LLC in Aurora — great reviews, but I noticed people can't book or browse you online yet. I build simple sites for mexican restaurants that turn Google searches into booked appointments — mind if I share a quick idea here?",,,,+1 720-876-7252,,,,,none,"1701s S Havana St, Aurora, CO 80012",Aurora,Mexican restaurant,4.6,18.0,"https://www.google.com/maps/place/Loma+Bonita+Kitchen+LLC/@39.6846165,-104.8679004,14z/data=!4m8!1m2!2m1!1sLoma+Bonita+Kitchen+LLC!3m4!1s0x876c7d002d78c8d9:0x916485300d2d21a7!8m2!3d39.6846165!4d-104.8679004",2026-07-15,ChIJ2ch4LQB9bIcRpyEtDTCFZJE
Tacos El Sinaloa,A,Needs research,6,no website; no Instagram; few reviews,"Hi there! I came across Tacos El Sinaloa in Aurora — great reviews, but I noticed people can't book or browse you online yet. I build simple sites for mexican restaurants that turn Google searches into booked appointments — mind if I share a quick idea here?",,,,+1 720-404-4914,,,,,none,"754 Peoria St, Aurora, CO 80011",Aurora,Mexican restaurant,4.4,42.0,"https://www.google.com/maps/place/Tacos+El+Sinaloa/@39.7278883,-104.8468918,14z/data=!4m8!1m2!2m1!1sTacos+El+Sinaloa!3m4!1s0x876c7ccd17d5deb9:0xe0e2e2c25d392284!8m2!3d39.7278883!4d-104.8468918",2026-07-15,ChIJud7VF818bIcRhCI5XcLi4uA
La Morena Food Truck Aurora,D,DM,1,few reviews,Hi there! I came across La Morena Food Truck Aurora in Aurora and loved what you're doing. I help mexican restaurants get found by more local customers on Google — mind if I share a quick idea here?,,,,+1 720-315-8907,lamorenamexican@gmail.com,https://www.instagram.com/la.morena_homemade,https://www.facebook.com/lamorenamexican,https://www.lamorenamexrest.com/foodtruck/,real,"13800 E Mississippi Ave Local 2, Aurora, CO 80012",Aurora,Mexican restaurant,4.3,6.0,"https://www.google.com/maps/place/La+Morena+Food+Truck+Aurora/@39.6963115,-104.82788989999999,14z/data=!4m8!1m2!2m1!1sLa+Morena+Food+Truck+Aurora!3m4!1s0x876c6397f77d0597:0x400bc9cdafaa67cb!8m2!3d39.6963115!4d-104.82788989999999",2026-07-15,ChIJlwV995djbIcRy2eqr83JC0A
Tacos Colorado,A,Needs research,5,no website; no Instagram,"Hi there! I came across Tacos Colorado in Aurora — great reviews, but I noticed people can't book or browse you online yet. I build simple sites for restaurants that turn Google searches into booked appointments — mind if I share a quick idea here?",,,,,,,,,none,"1502 Ironton St, Aurora, CO 80010",Aurora,Restaurant,3.7,63.0,"https://www.google.com/maps/place/Tacos+Colorado/@39.7402989,-104.8634058,14z/data=!4m8!1m2!2m1!1sTacos+Colorado!3m4!1s0x876c7d758af4ae21:0xf8388d9664f5b3f5!8m2!3d39.7402989!4d-104.8634058",2026-07-15,ChIJIa70inV9bIcR9bP1ZJaNOPg
Essential Hibachi Food Truck,D,Needs research,3,no Instagram; few reviews,Hi there! I came across Essential Hibachi Food Truck in Aurora and loved what you're doing. I help japanese restaurants get found by more local customers on Google — mind if I share a quick idea here?,,,,,,,,https://essentialhibachi.smartonlineorder.com/,real,"Aurora, CO 80011",Aurora,Japanese restaurant,,,"https://www.google.com/maps/place/Essential+Hibachi+Food+Truck/@39.7542465,-104.7871004,14z/data=!4m8!1m2!2m1!1sEssential+Hibachi+Food+Truck!3m4!1s0x876c630053c0f83f:0x47a8f4975f495268!8m2!3d39.7542465!4d-104.7871004",2026-07-15,ChIJP_jAUwBjbIcRaFJJX5f0qEc
Heritage Medical n Day Spa LLC,C,DM,1,no ad tracking,Hi there! Heritage Medical n Day Spa LLC stood out — 5★ across 50 reviews is no accident. I help skin care clinics turn that reputation into more booked appointments without leaning harder on ads — mind if I share a quick idea here?,,,,+1 720-766-9205,amkryukov@gmail.com,https://www.instagram.com/sheilahms,https://www.facebook.com/hms.skincaretherapy.net,https://www.heritagemedicalspa.com/,real,"1838 S Quintero Way, Aurora, CO 80017",Aurora,Skin care clinic,5.0,50.0,"https://www.google.com/maps/place/Heritage+Medical+n+Day+Spa+LLC/@39.684463099999995,-104.7857373,14z/data=!4m8!1m2!2m1!1sHeritage+Medical+n+Day+Spa+LLC!3m4!1s0x876c63d10ad64631:0x162cc580d8fddc9d!8m2!3d39.684463099999995!4d-104.7857373",2026-07-28,ChIJMUbWCtFjbIcRndz92IDFLBY
Ina Skin,D,DM,2,no ad tracking; few reviews,Hi there! Ina Skin stood out — 5★ across 11 reviews is no accident. I help medical spas turn that reputation into more booked appointments without leaning harder on ads — mind if I share a quick idea here?,,,,+1 720-477-3784,info@serotamd.com,https://www.instagram.com/serotamd,https://www.facebook.com/SerotaSkincare,http://inamedspa.com/,real,"5550 S Parker Rd, Aurora, CO 80015",Aurora,Medical spa,5.0,11.0,"https://www.google.com/maps/place/Ina+Skin/@39.6164753,-104.81491059999999,14z/data=!4m8!1m2!2m1!1sIna+Skin!3m4!1s0x876c637453e381f9:0x65e4367299e3fcb7!8m2!3d39.6164753!4d-104.81491059999999",2026-07-28,ChIJ-YHjU3RjbIcRt_zjmXI25GU
Aurora Medical Spa,C,DM,1,no ad tracking,Hi Monica! Aurora Medical Spa stood out — 5★ across 158 reviews is no accident. I help medical spas turn that reputation into more booked appointments without leaning harder on ads — mind if I share a quick idea here?,,,Monica Granda (Administrative Manager),+1 720-734-1126,m0nifax@hotmail.com,https://instagram.com/aurora_medspa,http://www.facebook.com/auroramedspa,https://www.auroramedicalspa.com/castle-rock-co/%3Futm_source%3DGMBlisting%26utm_medium%3Dorganic%26utm_campaign%3Dcastle-rock,real,"6380 Promenade Pkwy #120, Castle Rock, CO 80108",Castle Rock,Medical spa,5.0,158.0,"https://www.google.com/maps/place/Aurora+Medical+Spa/@39.4227144,-104.87672579999999,14z/data=!4m8!1m2!2m1!1sAurora+Medical+Spa!3m4!1s0x876c99edbed25733:0xff33bdb4adada6b9!8m2!3d39.4227144!4d-104.87672579999999",2026-07-28,ChIJM1fSvu2ZbIcRuaatrbS9M_8
Evolv Wellness MedSpa,D,DM,2,no ad tracking; few reviews,Hi there! Evolv Wellness MedSpa stood out — 4.6★ across 25 reviews is no accident. I help medical spas turn that reputation into more booked appointments without leaning harder on ads — mind if I share a quick idea here?,,,,+1 720-661-9024,hello@evolvdenver.com,https://www.instagram.com/evolv_denver,,https://evolvwellnessmedspa.com/,real,"2513 Elmira St, Aurora, CO 80010",Aurora,Medical spa,4.6,25.0,"https://www.google.com/maps/place/Evolv+Wellness+MedSpa/@39.7531913,-104.8731031,14z/data=!4m8!1m2!2m1!1sEvolv+Wellness+MedSpa!3m4!1s0x876c7b83c7e3ce6b:0x48e9cf11953cd5dc!8m2!3d39.7531913!4d-104.8731031",2026-07-28,ChIJa87jx4N7bIcR3NU8lRHP6Ug
Havana Sauna,C,Email,3,no Instagram; no ad tracking,Hi there! I came across Havana Sauna in Aurora and loved what you're doing. I help spas get found by more local customers on Google — mind if I share a quick idea here?,,,,+1 303-745-7377,webmaster@havanahealthsauna.com,,,https://www.havanahealthsauna.com/,real,"2020 S Havana St, Aurora, CO 80014",Aurora,Spa,4.0,559.0,"https://www.google.com/maps/place/Havana+Sauna/@39.679425099999996,-104.8651112,14z/data=!4m8!1m2!2m1!1sHavana+Sauna!3m4!1s0x876c7d5db52e49c3:0xaa528368e6230672!8m2!3d39.679425099999996!4d-104.8651112",2026-07-28,ChIJw0kutV19bIcRcgYj5miDUqo
Simply Amazing Spa,C,DM,0,,Hi there! Simply Amazing Spa stood out — 4.8★ across 129 reviews is no accident. I help medical spas turn that reputation into more booked appointments without leaning harder on ads — mind if I share a quick idea here?,,,,+1 720-371-6509,sebastian@aldusleaf.org,https://www.instagram.com/simplyamazingspa,https://www.facebook.com/236519626543767,https://www.simplyamazingspa.com/,real,"13741 E Rice Pl #101, Aurora, CO 80015",Aurora,Medical spa,4.8,129.0,"https://www.google.com/maps/place/Simply+Amazing+Spa/@39.636491,-104.8272947,14z/data=!4m8!1m2!2m1!1sSimply+Amazing+Spa!3m4!1s0x876c88f085bafa15:0xb97827f34eb1b3a!8m2!3d39.636491!4d-104.8272947",2026-07-28,ChIJFfq6hfCIbIcROhvrNH-Clws
Always Beautiful Medspa,C,DM,1,no ad tracking,Hi Cole! Always Beautiful Medspa stood out — 4.7★ across 211 reviews is no accident. I help medical spas turn that reputation into more booked appointments without leaning harder on ads — mind if I share a quick idea here?,,,Cole Stengel (Chief Financial Officer),+1 720-280-7016,cole@alwaysbeautiful.net,https://www.instagram.com/alwaysbeautiful.medspa,https://www.facebook.com/alwaysbeautifulmedispa,https://www.alwaysbeautiful.net/,real,"6240 S Main St #225, Aurora, CO 80016",Aurora,Medical spa,4.7,211.0,"https://www.google.com/maps/place/Always+Beautiful+Medspa/@39.603245199999996,-104.7084381,14z/data=!4m8!1m2!2m1!1sAlways+Beautiful+Medspa!3m4!1s0x876c8c7cd670b20f:0xfdb27108d5f408f4!8m2!3d39.603245199999996!4d-104.7084381",2026-07-28,ChIJD7Jw1nyMbIcR9Aj01Qhxsv0
Tatiana's European Medical Spa,B,Email,6,booking link only; no Instagram; few reviews,Hi there! I came across Tatiana's European Medical Spa in Aurora — you're sending people straight to a booking link with no real front door. I build simple sites for medical spas that give that booking button somewhere to live — mind if I share a quick idea here?,,,,+1 303-304-0203,hi@mystore.com,,,https://tatianas-european-nails.square.site/,booking-only,"3000 S Jamaica Ct Ste 370, Aurora, CO 80014",Aurora,Medical spa,5.0,23.0,"https://www.google.com/maps/place/Tatiana%27s+European+Medical+Spa/@39.6614685,-104.8617895,14z/data=!4m8!1m2!2m1!1sTatiana%27s+European+Medical+Spa!3m4!1s0x876c87f9f519f39b:0xa27ef3e71baedf9!8m2!3d39.6614685!4d-104.8617895",2026-07-28,ChIJm_MZ9fmHbIcR-e26cT7vJwo
Aurora Medical Spa,C,DM,1,no ad tracking,Hi there! Aurora Medical Spa stood out — 5★ across 165 reviews is no accident. I help medical spas turn that reputation into more booked appointments without leaning harder on ads — mind if I share a quick idea here?,,,,+1 720-500-9626,info@auroramedicalspacomo.com,https://instagram.com/aurora_medspa,http://www.facebook.com/auroramedspa,https://www.auroramedicalspa.com/colorado-springs-co/%3Futm_source%3DGMBlisting%26utm_medium%3Dorganic%26utm_campaign%3Dcolorado-springs,real,"7160 N Academy Blvd, Colorado Springs, CO 80920",Colorado Springs,Medical spa,5.0,165.0,"https://www.google.com/maps/place/Aurora+Medical+Spa/@38.9366719,-104.7989077,14z/data=!4m8!1m2!2m1!1sAurora+Medical+Spa!3m4!1s0x87134fdb872f3e13:0x5dd633d7736dcea3!8m2!3d38.9366719!4d-104.7989077",2026-07-28,ChIJEz4vh9tPE4cRo85tc9cz1l0
Natura Med Spa & IV Bar - Denver,C,DM,1,no ad tracking,Hi there! Natura Med Spa & IV Bar - Denver stood out — 4.9★ across 403 reviews is no accident. I help medical spas turn that reputation into more booked appointments without leaning harder on ads — mind if I share a quick idea here?,,,,+1 720-599-4126,info@naturamedspaivbar.com,https://www.instagram.com/natura_medspa_iv,http://www.facebook.com/100093227756155,https://naturamedspaivbar.com/,real,"357 S Colorado Blvd, Denver, CO 80246",Denver,Medical spa,4.9,403.0,"https://www.google.com/maps/place/Natura+Med+Spa+%26+IV+Bar+-+Denver/@39.7100627,-104.9410984,14z/data=!4m8!1m2!2m1!1sNatura+Med+Spa+%26+IV+Bar+-+Denver!3m4!1s0x876c7f59168d048b:0xc1982b82595d4100!8m2!3d39.7100627!4d-104.9410984",2026-07-28,ChIJiwSNFll_bIcRAEFdWYIrmME
Layna Young Med Spa,D,DM,2,no ad tracking; few reviews,Hi there! I came across Layna Young Med Spa in Aurora and loved what you're doing. I help medical spas get found by more local customers on Google — mind if I share a quick idea here?,,,,+1 720-594-1022,hello@laynayoung.com,https://www.instagram.com/laynayoungmedspa,https://www.facebook.com/LAYNAYOUNGMEDSPA,https://laynayoung.com/,real,"23750 E 14th Ave Suite 305, Aurora, CO 80018",Aurora,Medical spa,5.0,7.0,"https://www.google.com/maps/place/Layna+Young+Med+Spa/@39.7370836,-104.7107231,14z/data=!4m8!1m2!2m1!1sLayna+Young+Med+Spa!3m4!1s0x876c6135c9160f7b:0xcd771b787d86f508!8m2!3d39.7370836!4d-104.7107231",2026-07-28,ChIJew8WyTVhbIcRCPWGfXgbd80
Resplendent Aesthetics Med Spa and IV,C,DM,1,no ad tracking,Hi there! Resplendent Aesthetics Med Spa and IV stood out — 4.9★ across 93 reviews is no accident. I help medical spas turn that reputation into more booked appointments without leaning harder on ads — mind if I share a quick idea here?,,,,+1 720-927-7530,aesthetics@resplendentaesthetics.com,http://instagram.com/resplendentaesthetics,https://facebook.com/resplendentaesthetics,http://www.resplendentaesthetics.com/,real,"4550 S Reservoir Rd UNIT D, Aurora, CO 80015",Aurora,Medical spa,4.9,93.0,"https://www.google.com/maps/place/Resplendent+Aesthetics+Med+Spa+and+IV/@39.635191899999995,-104.75915839999999,14z/data=!4m8!1m2!2m1!1sResplendent+Aesthetics+Med+Spa+and+IV!3m4!1s0x876c89a92eff1d19:0x9e0c54dfcc073c4c!8m2!3d39.635191899999995!4d-104.75915839999999",2026-07-28,ChIJGR3_LqmJbIcRTDwHzN9UDJ4
Muse Medical Artistry,C,Email,3,no Instagram; no ad tracking,Hi there! Muse Medical Artistry stood out — 5★ across 83 reviews is no accident. I help medical spas turn that reputation into more booked appointments without leaning harder on ads — mind if I share a quick idea here?,,,,+1 720-381-4191,musemedartistry@gmail.com,,,https://www.musemedicalartistry.com/,real,"2993 S Peoria St #210, Aurora, CO 80014",Aurora,Medical spa,5.0,83.0,"https://www.google.com/maps/place/Muse+Medical+Artistry/@39.6619849,-104.8476589,14z/data=!4m8!1m2!2m1!1sMuse+Medical+Artistry!3m4!1s0x876c8df2025dc8fb:0x8289639d90007742!8m2!3d39.6619849!4d-104.8476589",2026-07-28,ChIJ-8hdAvKNbIcRQncAkJ1jiYI
Enlighten Tan and Med Spa,C,DM,0,,Hi there! Enlighten Tan and Med Spa stood out — 4.8★ across 207 reviews is no accident. I help medical spas turn that reputation into more booked appointments without leaning harder on ads — mind if I share a quick idea here?,,,,+1 720-599-6340,enlightentanspa@outlook.com,https://www.instagram.com/enlightentanspa,https://www.facebook.com/EnlightenTanandSpa,http://www.enlightentanspa.com/,real,"16961 E Quincy Ave Unit C-4, Aurora, CO 80015",Aurora,Medical spa,4.8,207.0,"https://www.google.com/maps/place/Enlighten+Tan+and+Med+Spa/@39.6396976,-104.789271,14z/data=!4m8!1m2!2m1!1sEnlighten+Tan+and+Med+Spa!3m4!1s0x876c89068de0dbf3:0x488310f248f48734!8m2!3d39.6396976!4d-104.789271",2026-07-28,ChIJ89vgjQaJbIcRNIf0SPIQg0g
RESTOR Medical Spa | Central Park,C,DM,1,no ad tracking,Hi Dominique! RESTOR Medical Spa | Central Park stood out — 4.9★ across 462 reviews is no accident. I help medical spas turn that reputation into more booked appointments without leaning harder on ads — mind if I share a quick idea here?,,,Dominique Waplestrefil (Co-Founder),+1 720-388-6244,dominique_waples@hotmail.com,https://www.instagram.com/restormedicalspa,http://www.facebook.com/restormedicalspa,https://www.restormedicalspa.com/%3Futm_medium%3Dorganic%26utm_source%3Dgmblisting%26utm_campaign%3Dcp,real,"2373 Central Park Blvd #103, Denver, CO 80238",Denver,Medical spa,4.9,462.0,"https://www.google.com/maps/place/RESTOR+Medical+Spa+%7C+Central+Park/@39.751213299999996,-104.8899872,14z/data=!4m8!1m2!2m1!1sRESTOR+Medical+Spa+%7C+Central+Park!3m4!1s0x876c7b7fdaad98c3:0xd85522bb1011185c!8m2!3d39.751213299999996!4d-104.8899872",2026-08-06,ChIJw5it2n97bIcRXBgRELsiVdg
Liv MedSpa,C,DM,1,no ad tracking,Hi there! Liv MedSpa stood out — 4.9★ across 256 reviews is no accident. I help day spas turn that reputation into more booked appointments without leaning harder on ads — mind if I share a quick idea here?,,,,+1 983-218-7090,livemspa@gmail.com,https://www.instagram.com/livmedspa,https://www.facebook.com/livmedspa,https://www.livmedspas.com/,real,"2121 S Oneida St #440, Denver, CO 80224",Denver,Day spa,4.9,256.0,"https://www.google.com/maps/place/Liv+MedSpa/@39.6773308,-104.908839,14z/data=!4m8!1m2!2m1!1sLiv+MedSpa!3m4!1s0x876c7dd7422555fd:0x1ad8943d39ac1336!8m2!3d39.6773308!4d-104.908839",2026-08-06,ChIJ_VUlQtd9bIcRNhOsOT2U2Bo
NakedMD Med Spa Denver,C,DM,1,no ad tracking,Hi Leavitt! NakedMD Med Spa Denver stood out — 4.7★ across 91 reviews is no accident. I help medical spas turn that reputation into more booked appointments without leaning harder on ads — mind if I share a quick idea here?,,,Leavitt Ceo,+1 720-722-8262,leavitt@nakedmd.com,https://www.instagram.com/nakedmd,,https://www.nakedmd.com/,real,"125 Rampart Way Ste 150B, Denver, CO 80230",Denver,Medical spa,4.7,91.0,"https://www.google.com/maps/place/NakedMD+Med+Spa+Denver/@39.7202895,-104.8989646,14z/data=!4m8!1m2!2m1!1sNakedMD+Med+Spa+Denver!3m4!1s0x876c7da1e8deaf6d:0x5555a3b39d15791f!8m2!3d39.7202895!4d-104.8989646",2026-08-06,ChIJba_e6KF9bIcRH3kVnbOjVVU
ESSE Med Spa + PMU,C,Email,3,no Instagram; no ad tracking,Hi there! ESSE Med Spa + PMU stood out — 4.9★ across 321 reviews is no accident. I help medical spas turn that reputation into more booked appointments without leaning harder on ads — mind if I share a quick idea here?,,,,+1 303-900-8833,info@essepmu.com,,,https://www.essemedspa.com/,real,"1720 S Bellaire St #905, Denver, CO 80222",Denver,Medical spa,4.9,321.0,"https://www.google.com/maps/place/ESSE+Med+Spa+%2B+PMU/@39.685282199999996,-104.9369689,14z/data=!4m8!1m2!2m1!1sESSE+Med+Spa+%2B+PMU!3m4!1s0x876c7dae7c9eb049:0x48fa0d35dfb8a661!8m2!3d39.685282199999996!4d-104.9369689",2026-08-06,ChIJSbCefK59bIcRYaa43zUN-kg
Look Lab Med Spa,C,DM,0,,Hi Suraj! Look Lab Med Spa stood out — 5★ across 1229 reviews is no accident. I help medical spas turn that reputation into more booked appointments without leaning harder on ads — mind if I share a quick idea here?,,,Suraj Kapoor,+1 720-995-5665,suraj@looklab.com,https://www.instagram.com/looklabmedspas,https://www.facebook.com/looklabmedspas,https://looklab.com/,real,"4164 E 8th Pl, Denver, CO 80220",Denver,Medical spa,5.0,1229.0,"https://www.google.com/maps/place/Look+Lab+Med+Spa/@39.7299941,-104.93876879999999,14z/data=!4m8!1m2!2m1!1sLook+Lab+Med+Spa!3m4!1s0x876c7dee3eb85e9d:0xe5a38ea61dc692b2!8m2!3d39.7299941!4d-104.93876879999999",2026-08-06,ChIJnV64Pu59bIcRspLGHaaOo-U
Freya's Beauty Med Spa,D,Needs research,6,no website; no Instagram; few reviews,"Hi there! I came across Freya's Beauty Med Spa in Denver — great reviews, but I noticed people can't book or browse you online yet. I build simple sites for medical spas that turn Google searches into booked appointments — mind if I share a quick idea here?",,,,+1 347-217-7676,,,,,none,"1201 S Parker Rd #102, Denver, CO 80231",Denver,Medical spa,5.0,7.0,"https://www.google.com/maps/place/Freya%27s+Beauty+Med+Spa/@39.694685799999995,-104.8961454,14z/data=!4m8!1m2!2m1!1sFreya%27s+Beauty+Med+Spa!3m4!1s0x876c7da42afc5271:0x173a09b5836ec548!8m2!3d39.694685799999995!4d-104.8961454",2026-08-06,ChIJcVL8KqR9bIcRSMVug7UJOhc
KYA IV & Aesthetics,C,DM,0,,Hi there! KYA IV & Aesthetics stood out — 5★ across 57 reviews is no accident. I help medical spas turn that reputation into more booked appointments without leaning harder on ads — mind if I share a quick idea here?,,,,+1 720-902-9814,info@kyaivbeauty.com,https://www.instagram.com/kya_iv_aesthetics,,https://www.kyaivbeauty.com/,real,"4760 Oakland St Ste 195, Denver, CO 80239",Denver,Medical spa,5.0,57.0,"https://www.google.com/maps/place/KYA+IV+%26+Aesthetics/@39.7835302,-104.8498855,14z/data=!4m8!1m2!2m1!1sKYA+IV+%26+Aesthetics!3m4!1s0x876c7bc63a8f3211:0x6726ab2750add99c!8m2!3d39.7835302!4d-104.8498855",2026-08-06,ChIJETKPOsZ7bIcRnNmtUCerJmc
Mariam’s Touch,A,Needs research,5,no website; no Instagram,"Hi there! I came across Mariam’s Touch in Aurora — great reviews, but I noticed people can't book or browse you online yet. I build simple sites for medical spas that turn Google searches into booked appointments — mind if I share a quick idea here?",,,,+1 833-714-6229,,,,,none,"2600 S Parker Rd building 2 Third floor, Suit 322, Aurora, CO 80014",Aurora,Medical spa,4.9,106.0,"https://www.google.com/maps/place/Mariam%E2%80%99s+Touch/@39.669712499999996,-104.8627466,14z/data=!4m8!1m2!2m1!1sMariam%E2%80%99s+Touch!3m4!1s0x876c7d70a82bf7d5:0x9f6f774504bec3fa!8m2!3d39.669712499999996!4d-104.8627466",2026-08-06,ChIJ1fcrqHB9bIcR-sO-BEV3b58
Beleza Med Spa LLC,D,Needs research,6,no website; no Instagram; few reviews,"Hi there! I came across Beleza Med Spa LLC in Aurora — great reviews, but I noticed people can't book or browse you online yet. I build simple sites for spa and health clubs that turn Google searches into booked appointments — mind if I share a quick idea here?",,,,+1 720-472-0684,,,,,none,"1450 S Havana St Ste 800, Aurora, CO 80012",Aurora,Spa and health club,,,"https://www.google.com/maps/place/Beleza+Med+Spa+LLC/@39.689795499999995,-104.86507259999999,14z/data=!4m8!1m2!2m1!1sBeleza+Med+Spa+LLC!3m4!1s0x876c7dbfcdd7a393:0x3d20baf7f8ca30b!8m2!3d39.689795499999995!4d-104.86507259999999",2026-08-06,ChIJk6PXzb99bIcRC6OMf68L0gM
EmiVic Med Spa,D,DM,4,unclaimed GBP; few reviews,"Hi there! I found EmiVic Med Spa in Aurora on Google and noticed the profile looks unclaimed — you're likely losing calls to competitors who show up polished. I help local businesses take over and optimize their Google listing — takes a week, mind if I share how?",,,,+1 303-755-5542,emivic@emivicmedspaandwellness.com,https://www.instagram.com/emivicmed,https://www.facebook.com/emivicmed,https://emivicmedspa.com/contact/,real,"11111 E Mississippi Ave, Aurora, CO 80012",Aurora,Spa,,,"https://www.google.com/maps/place/EmiVic+Med+Spa/@39.6970658,-104.8584877,14z/data=!4m8!1m2!2m1!1sEmiVic+Med+Spa!3m4!1s0x876c7d39ca400001:0xb1b7ab6b76c34f96!8m2!3d39.6970658!4d-104.8584877",2026-08-06,ChIJAQBAyjl9bIcRlk_Ddmurt7E
Rejuvenate MedSpa,C,DM,3,no Instagram; no ad tracking,Hi there! Rejuvenate MedSpa stood out — 5★ across 315 reviews is no accident. I help medical spas turn that reputation into more booked appointments without leaning harder on ads — mind if I share a quick idea here?,,,,+1 303-951-2102,info@thecenterforskincare.net,,https://www.facebook.com/RejuvenateColorado,https://www.rejuvenatecolorado.com/,real,"501 S Cherry St #900, Denver, CO 80246",Denver,Medical spa,5.0,315.0,"https://www.google.com/maps/place/Rejuvenate+MedSpa/@39.7069002,-104.9344136,14z/data=!4m8!1m2!2m1!1sRejuvenate+MedSpa!3m4!1s0x876c7dd9741bc511:0xfaeabda8b1d454ab!8m2!3d39.7069002!4d-104.9344136",2026-08-06,ChIJEcUbdNl9bIcRq1TUsai96vo
Zen Medical Aesthetics,C,Needs research,4,no Instagram; no ad tracking; few reviews,Hi there! Zen Medical Aesthetics stood out — 4.6★ across 45 reviews is no accident. I help skin care clinics turn that reputation into more booked appointments without leaning harder on ads — mind if I share a quick idea here?,,,,+1 720-401-2559,,,,http://www.zenmedicalaesthetics.com/,real,"3035 S Parker Rd Ste 554, Aurora, CO 80014",Aurora,Skin care clinic,4.6,45.0,"https://www.google.com/maps/place/Zen+Medical+Aesthetics/@39.6610845,-104.8593415,14z/data=!4m8!1m2!2m1!1sZen+Medical+Aesthetics!3m4!1s0x876c879562db4d2f:0x559018d3ee622821!8m2!3d39.6610845!4d-104.8593415",2026-08-06,ChIJL03bYpWHbIcRIShi7tMYkFU
GABRIELA BEAUTY STUDIO & SPA,A,DM,4,booking link only; few reviews,Hi there! I came across GABRIELA BEAUTY STUDIO & SPA in Aurora — you're sending people straight to a booking link with no real front door. I build simple sites for day spas that give that booking button somewhere to live — mind if I share a quick idea here?,,,,+1 720-849-9276,,https://www.instagram.com/booksybiz,https://www.facebook.com/booksypolska,http://gabrielabeautystudiospa.booksy.com/a/,booking-only,"3000 S Jamaica Ct Ste 210, Aurora, CO 80014",Aurora,Day spa,5.0,37.0,"https://www.google.com/maps/place/GABRIELA+BEAUTY+STUDIO+%26+SPA/@39.6614818,-104.86174,14z/data=!4m8!1m2!2m1!1sGABRIELA+BEAUTY+STUDIO+%26+SPA!3m4!1s0x876c877e2f0daecd:0xaf3a8cda803ce232!8m2!3d39.6614818!4d-104.86174",2026-08-06,ChIJza4NL36HbIcRMuI8gNqMOq8
Obsessed head spa,C,DM,1,no ad tracking,Hi there! Obsessed head spa stood out — 4.9★ across 66 reviews is no accident. I help spas turn that reputation into more booked appointments without leaning harder on ads — mind if I share a quick idea here?,,,,+1 303-745-2739,obsessedheadspa@gmail.com,https://instagram.com/obsessedsalon,https://www.facebook.com/p/Obsessed-Head-Spa-61568429610221,https://www.obsessedheadspa.com/,real,"2613 S Parker Rd, Aurora, CO 80014",Aurora,Spa,4.9,66.0,"https://www.google.com/maps/place/Obsessed+head+spa/@39.668911699999995,-104.8645025,14z/data=!4m8!1m2!2m1!1sObsessed+head+spa!3m4!1s0x876c876cb60aeb67:0x63e8cea14537e914!8m2!3d39.668911699999995!4d-104.8645025",2026-08-06,ChIJZ-sKtmyHbIcRFOk3RaHO6GM
Bliss Spa and Wellness,C,DM,1,no ad tracking,Hi there! Bliss Spa and Wellness stood out — 5★ across 213 reviews is no accident. I help massage spas turn that reputation into more booked appointments without leaning harder on ads — mind if I share a quick idea here?,,,,+1 720-216-4841,info@blissspa-wellness.com,https://www.instagram.com/blissspaandwellness,,https://blissspa-wellness.com/,real,"20941 E Smoky Hill Rd Unit G, Centennial, CO 80015",Centennial,Massage spa,5.0,213.0,"https://www.google.com/maps/place/Bliss+Spa+and+Wellness/@39.6092422,-104.7435094,14z/data=!4m8!1m2!2m1!1sBliss+Spa+and+Wellness!3m4!1s0x876c8bd56cb4c9a1:0x93d673cb6b596339!8m2!3d39.6092422!4d-104.7435094",2026-08-06,ChIJocm0bNWLbIcROWNZa8tz1pM
Dre's Medspa,C,DM,2,no ad tracking; few reviews,Hi there! Dre's Medspa stood out — 5★ across 45 reviews is no accident. I help medical spas turn that reputation into more booked appointments without leaning harder on ads — mind if I share a quick idea here?,,,,+1 720-517-8321,dre@dresmedspa.com,https://www.instagram.com/dres_medspa,,http://www.dresmedspa.com/,real,"10530 S Parker Rd Ste 101, Parker, CO 80134",Parker,Medical spa,5.0,45.0,"https://www.google.com/maps/place/Dre%27s+Medspa/@39.5254293,-104.7653572,14z/data=!4m8!1m2!2m1!1sDre%27s+Medspa!3m4!1s0x876c8fa622b0d5f9:0xcc1c4e1ee97a73d2!8m2!3d39.5254293!4d-104.7653572",2026-08-06,ChIJ-dWwIqaPbIcR0nN66R5OHMw
Bliss Medspa and Wellness,D,DM,2,no ad tracking; few reviews,Hi there! I came across Bliss Medspa and Wellness in Aurora and loved what you're doing. I help medical spas get found by more local customers on Google — mind if I share a quick idea here?,,,,+1 720-216-4841,info@blissspa-wellness.com,https://www.instagram.com/blissspaandwellness,,https://www.blissspa-wellness.com/,real,"22962 E Smoky Hill Rd, Aurora, CO 80016",Aurora,Medical spa,,,"https://www.google.com/maps/place/Bliss+Medspa+and+Wellness/@39.5999687,-104.7203558,14z/data=!4m8!1m2!2m1!1sBliss+Medspa+and+Wellness!3m4!1s0x876c8da9b62d977d:0xc6414ef532be05e8!8m2!3d39.5999687!4d-104.7203558",2026-08-06,ChIJfZcttqmNbIcR6AW-MvVOQcY
Let's Face It Med Spa,C,DM,0,,Hi there! Let's Face It Med Spa stood out — 5★ across 144 reviews is no accident. I help medical spas turn that reputation into more booked appointments without leaning harder on ads — mind if I share a quick idea here?,,,,+1 720-624-6782,contact.letsfaceitmedispa@gmail.com,https://www.instagram.com/letsfaceitmedspa,https://www.facebook.com/letsfaceitmedspa,https://www.letsfaceitmedspa.com/,real,"5665 Beeler St Unit 110, Denver, CO 80238",Denver,Medical spa,5.0,144.0,"https://www.google.com/maps/place/Let%27s+Face+It+Med+Spa/@39.7993757,-104.88238079999999,14z/data=!4m8!1m2!2m1!1sLet%27s+Face+It+Med+Spa!3m4!1s0x876c7b776831012d:0x5b41b50eb2285d12!8m2!3d39.7993757!4d-104.88238079999999",2026-08-06,ChIJLQExaHd7bIcREl0osg61QVs
All Things Skin & Wellness Med Spa,C,DM,1,no ad tracking,Hi there! All Things Skin & Wellness Med Spa stood out — 5★ across 151 reviews is no accident. I help medical spas turn that reputation into more booked appointments without leaning harder on ads — mind if I share a quick idea here?,,,,+1 720-937-8006,heather@allthingsskinmedspa.com,https://www.instagram.com/all_things_skin_med,https://www.facebook.com/\,https://www.allthingsskinmedspa.com/,real,"13611 E 104th Ave #300, Commerce City, CO 80022",Commerce City,Medical spa,5.0,151.0,"https://www.google.com/maps/place/All+Things+Skin+%26+Wellness+Med+Spa/@39.8857752,-104.82879779999999,14z/data=!4m8!1m2!2m1!1sAll+Things+Skin+%26+Wellness+Med+Spa!3m4!1s0x876c6f6fcaab2607:0x49e1d81acca3a88a!8m2!3d39.8857752!4d-104.82879779999999",2026-08-06,ChIJByarym9vbIcRiqijzBrY4Uk
RESTOR Medical Spa | LoHi,C,DM,1,no ad tracking,Hi there! RESTOR Medical Spa | LoHi stood out — 4.9★ across 362 reviews is no accident. I help medical spas turn that reputation into more booked appointments without leaning harder on ads — mind if I share a quick idea here?,,,,+1 720-409-1442,jane@restormedicalspa.com,https://www.instagram.com/restormedicalspa,http://www.facebook.com/restormedicalspa,https://www.restormedicalspa.com/%3Futm_medium%3Dorganic%26utm_source%3DGMBlisting%26utm_campaign%3Dlohi,real,"2128 W 32nd Ave, Denver, CO 80211",Denver,Medical spa,4.9,362.0,"https://www.google.com/maps/place/RESTOR+Medical+Spa+%7C+LoHi/@39.7618711,-105.01266199999999,14z/data=!4m8!1m2!2m1!1sRESTOR+Medical+Spa+%7C+LoHi!3m4!1s0x876c79f2016922c5:0xe2ac11f7aa8a10bb!8m2!3d39.7618711!4d-105.01266199999999",2026-08-06,ChIJxSJpAfJ5bIcRuxCKqvcRrOI
"Aurora, CO 80010",D,Needs research,6,no website; no Instagram; few reviews,"Hi there! I came across Aurora, CO 80010 in Aurora — great reviews, but I noticed people can't book or browse you online yet. I build simple sites for postal codes that turn Google searches into booked appointments — mind if I share a quick idea here?",,,,,,,,,none,"Aurora, CO",Aurora,Postal code,,,"https://www.google.com/maps/place/Aurora%2C+CO+80010/@39.739331299999996,-104.8629746,14z/data=!4m8!1m2!2m1!1sAurora%2C+CO+80010!3m4!1s0x876c7cb75ccf091b:0x74d0fc1a2f07cdc2!8m2!3d39.739331299999996!4d-104.8629746",2026-08-06,ChIJGwnPXLd8bIcRws0HLxr80HQ
"Aurora, CO 80011",D,Needs research,6,no website; no Instagram; few reviews,"Hi there! I came across Aurora, CO 80011 in Aurora — great reviews, but I noticed people can't book or browse you online yet. I build simple sites for postal codes that turn Google searches into booked appointments — mind if I share a quick idea here?",,,,,,,,,none,"Aurora, CO",Aurora,Postal code,,,"https://www.google.com/maps/place/Aurora%2C+CO+80011/@39.7542465,-104.7871004,14z/data=!4m8!1m2!2m1!1sAurora%2C+CO+80011!3m4!1s0x876c614359cd7c8d:0x81a7fdda1da2b0b9!8m2!3d39.7542465!4d-104.7871004",2026-08-06,ChIJjXzNWUNhbIcRubCiHdr9p4E
"Denver, CO 80012",D,Needs research,6,no website; no Instagram; few reviews,"Hi there! I came across Denver, CO 80012 in Denver — great reviews, but I noticed people can't book or browse you online yet. I build simple sites for postal codes that turn Google searches into booked appointments — mind if I share a quick idea here?",,,,,,,,,none,"Denver, CO",Denver,Postal code,,,"https://www.google.com/maps/place/Denver%2C+CO+80012/@39.702021699999996,-104.8396248,14z/data=!4m8!1m2!2m1!1sDenver%2C+CO+80012!3m4!1s0x876c62c90b075313:0xe8dc3b50cd95a14b!8m2!3d39.702021699999996!4d-104.8396248",2026-08-06,ChIJE1MHC8libIcRS6GVzVA73Og
"Aurora, CO 80013",D,Needs research,6,no website; no Instagram; few reviews,"Hi there! I came across Aurora, CO 80013 in Aurora — great reviews, but I noticed people can't book or browse you online yet. I build simple sites for postal codes that turn Google searches into booked appointments — mind if I share a quick idea here?",,,,,,,,,none,"Aurora, CO",Aurora,Postal code,,,"https://www.google.com/maps/place/Aurora%2C+CO+80013/@39.656341499999996,-104.76376189999999,14z/data=!4m8!1m2!2m1!1sAurora%2C+CO+80013!3m4!1s0x876c898e1a57f51d:0x8defc603cf7048e3!8m2!3d39.656341499999996!4d-104.76376189999999",2026-08-06,ChIJHfVXGo6JbIcR40hwzwPG740
"Denver, CO 80014",D,Needs research,6,no website; no Instagram; few reviews,"Hi there! I came across Denver, CO 80014 in Denver — great reviews, but I noticed people can't book or browse you online yet. I build simple sites for postal codes that turn Google searches into booked appointments — mind if I share a quick idea here?",,,,,,,,,none,"Denver, CO",Denver,Postal code,,,"https://www.google.com/maps/place/Denver%2C+CO+80014/@39.6631609,-104.8279512,14z/data=!4m8!1m2!2m1!1sDenver%2C+CO+80014!3m4!1s0x876c880a27879cbb:0x52429aef1755f930!8m2!3d39.6631609!4d-104.8279512",2026-08-06,ChIJu5yHJwqIbIcRMPlVF--aQlI
"Aurora, CO 80015",D,Needs research,6,no website; no Instagram; few reviews,"Hi there! I came across Aurora, CO 80015 in Aurora — great reviews, but I noticed people can't book or browse you online yet. I build simple sites for postal codes that turn Google searches into booked appointments — mind if I share a quick idea here?",,,,,,,,,none,"Aurora, CO",Aurora,Postal code,,,"https://www.google.com/maps/place/Aurora%2C+CO+80015/@39.6288155,-104.7812654,14z/data=!4m8!1m2!2m1!1sAurora%2C+CO+80015!3m4!1s0x876c8920523dc83b:0xf16523ff8290436c!8m2!3d39.6288155!4d-104.7812654",2026-08-06,ChIJO8g9UiCJbIcRbEOQgv8jZfE
Coloradough Pizza,C,DM,2,no Instagram,Hi there! I came across Coloradough Pizza in Aurora and loved what you're doing. I help restaurants get found by more local customers on Google — mind if I share a quick idea here?,,,,+1 303-997-5424,ben.h.crocker@gmail.com,,https://www.facebook.com/1580003222213420,http://coloradough-pizza.com/,real,"15430 E Smoky Hill Rd, Aurora, CO 80015",Aurora,Restaurant,4.4,487.0,"https://www.google.com/maps/place/Coloradough+Pizza/@39.6315744,-104.80903889999999,14z/data=!4m8!1m2!2m1!1sColoradough+Pizza!3m4!1s0x876c88faed24279d:0x3ed6b331a3b9becf!8m2!3d39.6315744!4d-104.80903889999999",2026-08-06,ChIJnSck7fqIbIcRz765ozGz1j4
Jabanero's Mexican Grill,C,Email,3,no Instagram; no ad tracking,Hi there! I came across Jabanero's Mexican Grill in Aurora and loved what you're doing. I help mexican restaurants get found by more local customers on Google — mind if I share a quick idea here?,,,,+1 303-400-0235,l.dinvestments08@gmail.com,,,https://jabanerosaurora.com/%3Futm_source%3Dgoogle,real,"5584 S Parker Rd, Aurora, CO 80015",Aurora,Mexican restaurant,4.4,554.0,"https://www.google.com/maps/place/Jabanero%27s+Mexican+Grill/@39.6161399,-104.8141036,14z/data=!4m8!1m2!2m1!1sJabanero%27s+Mexican+Grill!3m4!1s0x876c88c3fb28e1b9:0x23a22957606a0104!8m2!3d39.6161399!4d-104.8141036",2026-08-06,ChIJueEo-8OIbIcRBAFqYFcpoiM
Q'Rico Food & Cravings,A,Needs research,5,no website; no Instagram,"Hi there! I came across Q'Rico Food & Cravings in Aurora — great reviews, but I noticed people can't book or browse you online yet. I build simple sites for fast food restaurants that turn Google searches into booked appointments — mind if I share a quick idea here?",,,,+1 720-609-8624,,,,,none,"16748 E Smoky Hill Rd Unit F9, Aurora, CO 80015",Aurora,Fast food restaurant,4.6,83.0,"https://www.google.com/maps/place/Q%27Rico+Food+%26+Cravings/@39.6252862,-104.79332649999999,14z/data=!4m8!1m2!2m1!1sQ%27Rico+Food+%26+Cravings!3m4!1s0x876c893dfa7a78eb:0x3f26ce45c329d7a7!8m2!3d39.6252862!4d-104.79332649999999",2026-08-06,ChIJ63h6-j2JbIcRp9cpw0XOJj8
LuBo's Ny Pizza,C,Needs research,3,no Instagram; no ad tracking,Hi there! LuBo's Ny Pizza stood out — 4.6★ across 1300 reviews is no accident. I help pizza restaurants turn that reputation into more booked appointments without leaning harder on ads — mind if I share a quick idea here?,,,,+1 303-693-9196,,,,http://www.lubosnypizza.com/,real,"15352 E Ida Dr, Centennial, CO 80015",Centennial,Pizza restaurant,4.6,1300.0,"https://www.google.com/maps/place/LuBo%27s+Ny+Pizza/@39.6115856,-104.8095014,14z/data=!4m8!1m2!2m1!1sLuBo%27s+Ny+Pizza!3m4!1s0x876c88daced70f8f:0xfb7029141f92cf8d!8m2!3d39.6115856!4d-104.8095014",2026-08-06,ChIJjw_XztqIbIcRjc-SHxQpcPs
Wanna Poke & Ramen,C,Email,2,no Instagram,Hi there! Wanna Poke & Ramen stood out — 4.7★ across 491 reviews is no accident. I help japanese restaurants turn that reputation into more booked appointments without leaning harder on ads — mind if I share a quick idea here?,,,,+1 303-693-0998,info@beyondmenu.com,,,https://www.wannapokeramen.com/,real,"16748 E Smoky Hill Rd #9b, Centennial, CO 80015",Centennial,Japanese restaurant,4.7,491.0,"https://www.google.com/maps/place/Wanna+Poke+%26+Ramen/@39.6252201,-104.79308759999999,14z/data=!4m8!1m2!2m1!1sWanna+Poke+%26+Ramen!3m4!1s0x876c89435d3341f3:0x62dfb774a996da7d!8m2!3d39.6252201!4d-104.79308759999999",2026-08-06,ChIJ80EzXUOJbIcRfdqWqXS332I
The Angry Clover,C,DM,0,,Hi there! I came across The Angry Clover in Aurora and loved what you're doing. I help bar & grills get found by more local customers on Google — mind if I share a quick idea here?,,,,+1 303-693-4500,,https://www.instagram.com/theangryclover,https://www.facebook.com/theangryclover,https://theangryclover.com/,real,"15350 E Smoky Hill Rd, Aurora, CO 80015",Aurora,Bar & grill,4.0,1333.0,"https://www.google.com/maps/place/The+Angry+Clover/@39.631693,-104.80962799999999,14z/data=!4m8!1m2!2m1!1sThe+Angry+Clover!3m4!1s0x876c88faece6afb3:0x1a2c9ed4ddc2af20!8m2!3d39.631693!4d-104.80962799999999",2026-08-06,ChIJs6_m7PqIbIcRIK_C3dSeLBo
K+ Hotpot,A,Email,5,no website; no Instagram,"Hi there! I came across K+ Hotpot in Aurora — great reviews, but I noticed people can't book or browse you online yet. I build simple sites for hot pot restaurants that turn Google searches into booked appointments — mind if I share a quick idea here?",,,,+1 303-690-4066,khotpot1@gmail.com,,,,none,"21699 E Quincy Ave A,B, Aurora, CO 80015",Aurora,Hot pot restaurant,4.5,854.0,"https://www.google.com/maps/place/K%2B+Hotpot/@39.640000799999996,-104.73690889999999,14z/data=!4m8!1m2!2m1!1sK%2B+Hotpot!3m4!1s0x876c8b2fbfa1c427:0x2e6df2455f024a34!8m2!3d39.640000799999996!4d-104.73690889999999",2026-08-06,ChIJJ8Shvy-LbIcRNEoCX0XybS4
Desi District Denver,C,DM,0,,Hi there! I came across Desi District Denver in Greenwood Village and loved what you're doing. I help indian restaurants get found by more local customers on Google — mind if I share a quick idea here?,,,,+1 720-800-0333,districtdesi@gmail.com,https://instagram.com/desidistrictaustin,https://www.facebook.com/desidistricteatery,https://www.desidistrict.com/,real,"6787 S Clinton St D, Greenwood Village, CO 80112",Greenwood Village,Indian restaurant,4.3,485.0,"https://www.google.com/maps/place/Desi+District+Denver/@39.5929727,-104.8807082,14z/data=!4m8!1m2!2m1!1sDesi+District+Denver!3m4!1s0x876c8720bb074825:0xf00f60a434806672!8m2!3d39.5929727!4d-104.8807082",2026-08-06,ChIJJUgHuyCHbIcRcmaANKRgD_A
Cherry Thai Cafe,C,Needs research,2,no Instagram,Hi there! I came across Cherry Thai Cafe in Aurora and loved what you're doing. I help thai restaurants get found by more local customers on Google — mind if I share a quick idea here?,,,,+1 303-693-0825,,,,https://www.cherrythaicafeaurora.com/,real,"13710 E Quincy Ave, Aurora, CO 80015",Aurora,Thai restaurant,4.3,454.0,"https://www.google.com/maps/place/Cherry+Thai+Cafe/@39.6373616,-104.82836239999999,14z/data=!4m8!1m2!2m1!1sCherry+Thai+Cafe!3m4!1s0x876c89e03f7512eb:0xc382d4377dec3706!8m2!3d39.6373616!4d-104.82836239999999",2026-08-06,ChIJ6xJ1P-CJbIcRBjfsfTfUgsM
Toley’s on the Creek,C,DM,2,no Instagram,Hi there! I came across Toley’s on the Creek in Centennial and loved what you're doing. I help bar & grills get found by more local customers on Google — mind if I share a quick idea here?,,,,+1 720-476-6783,toleysonthecreek@gmail.com,,https://www.facebook.com/Toleysonthecreek,https://toleysonthecreek.com/,real,"16728 E Smoky Hill Rd #11c, Centennial, CO 80015",Centennial,Bar & grill,4.3,545.0,"https://www.google.com/maps/place/Toley%E2%80%99s+on+the+Creek/@39.626041199999996,-104.79444,14z/data=!4m8!1m2!2m1!1sToley%E2%80%99s+on+the+Creek!3m4!1s0x876c898c1e291131:0x7518a29760be2cd3!8m2!3d39.626041199999996!4d-104.79444",2026-08-06,ChIJMREpHoyJbIcR0yy-YJeiGHU
Bowl Society,B,Needs research,6,no website; no Instagram; few reviews,"Hi there! I came across Bowl Society in Aurora — great reviews, but I noticed people can't book or browse you online yet. I build simple sites for açaí shops that turn Google searches into booked appointments — mind if I share a quick idea here?",,,,+1 720-382-9856,,,,,none,"E Chenango Dr, Aurora, CO 80015",Aurora,Açaí shop,5.0,12.0,"https://www.google.com/maps/place/Bowl+Society/@39.6258002,-104.762665,14z/data=!4m8!1m2!2m1!1sBowl+Society!3m4!1s0x876c8b88c347b74f:0xa50ac344ebd01ed7!8m2!3d39.6258002!4d-104.762665",2026-08-06,ChIJT7dHw4iLbIcR1x7Q60TDCqU
Endless Grind Coffee,C,Email,3,no Instagram; no ad tracking,Hi there! Endless Grind Coffee stood out — 4.6★ across 661 reviews is no accident. I help coffee shops turn that reputation into more booked appointments without leaning harder on ads — mind if I share a quick idea here?,,,,+1 303-284-5359,endlessgrindcoffee@gmail.com,,,https://www.endlessgrindcoffee.com/,real,"17070 E Quincy Ave, Aurora, CO 80015",Aurora,Coffee shop,4.6,661.0,"https://www.google.com/maps/place/Endless+Grind+Coffee/@39.6375506,-104.78855779999999,14z/data=!4m8!1m2!2m1!1sEndless+Grind+Coffee!3m4!1s0x876c89067affdf0b:0xedd09737bc2d11e4!8m2!3d39.6375506!4d-104.78855779999999",2026-08-06,ChIJC9__egaJbIcR5BEtvDeX0O0
Twisted Egg,C,DM,2,no Instagram,Hi there! Twisted Egg stood out — 4.5★ across 378 reviews is no accident. I help breakfast restaurants turn that reputation into more booked appointments without leaning harder on ads — mind if I share a quick idea here?,,,,+1 720-630-8285,whatsup@twistedegg.com,,https://www.facebook.com/twistedegg/about_contact_and_basic_info,http://twistedegg.com/,real,"5001 S Parker Rd Unit 115, Aurora, CO 80015",Aurora,Breakfast restaurant,4.5,378.0,"https://www.google.com/maps/place/Twisted+Egg/@39.625056099999995,-104.82269459999999,14z/data=!4m8!1m2!2m1!1sTwisted+Egg!3m4!1s0x876c899ffbb7ea4f:0xf65f3a0794bafb0a!8m2!3d39.625056099999995!4d-104.82269459999999",2026-08-06,ChIJT-q3-5-JbIcRCvu6lAc6X_Y
Tata's Burritos,A,DM,5,social page only; no Instagram,"Hi there! I came across Tata's Burritos in Centennial — great reviews, but a social page is doing all the work a website should be doing. I build simple sites for mexican restaurants that turn Google searches into booked appointments — mind if I share a quick idea here?",,,,+1 720-870-2184,tatasburritosaurora@gmail.com,,https://www.facebook.com/tatasburritosaurora2,http://facebook.com/tatasburritosaurora2,social-only,"5677 S Himalaya St, Centennial, CO 80015",Centennial,Mexican restaurant,3.9,1152.0,"https://www.google.com/maps/place/Tata%27s+Burritos/@39.6134829,-104.7548418,14z/data=!4m8!1m2!2m1!1sTata%27s+Burritos!3m4!1s0x876c89565f139ed5:0x98c4efd6654c6ec7!8m2!3d39.6134829!4d-104.7548418",2026-08-06,ChIJ1Z4TX1aJbIcRx25MZdbvxJg
Mama Louise Italian Restaurant,C,DM,2,no Instagram,Hi there! Mama Louise Italian Restaurant stood out — 4.5★ across 852 reviews is no accident. I help italian restaurants turn that reputation into more booked appointments without leaning harder on ads — mind if I share a quick idea here?,,,,+1 303-799-1993,kgmamalouise@comcast.net,,https://www.facebook.com/MamaLouiseCentennial,http://www.mamalouisecolorado.com/,real,"15412 E Orchard Rd, Centennial, CO 80016",Centennial,Italian restaurant,4.5,852.0,"https://www.google.com/maps/place/Mama+Louise+Italian+Restaurant/@39.610254499999996,-104.8096209,14z/data=!4m8!1m2!2m1!1sMama+Louise+Italian+Restaurant!3m4!1s0x876c88daac508f43:0x9071d397938b65b9!8m2!3d39.610254499999996!4d-104.8096209",2026-08-06,ChIJQ49QrNqIbIcRuWWLk5fTcZA
Jason's Deli,C,DM,1,no ad tracking,Hi Scott! I came across Jason's Deli in Aurora and loved what you're doing. I help restaurants get found by more local customers on Google — mind if I share a quick idea here?,,,Scott East,+1 303-991-2311,SCOTT.EAST@JASONSDELI.COM,https://instagram.com/jasonsdeli,https://www.facebook.com/JasonsDeli,https://www.jasonsdeli.com/locations/co/aurora/5440-s-parker-rd/,real,"5440 S Parker Rd, Aurora, CO 80015",Aurora,Restaurant,4.3,752.0,"https://www.google.com/maps/place/Jason%27s+Deli/@39.6163099,-104.817019,14z/data=!4m8!1m2!2m1!1sJason%27s+Deli!3m4!1s0x876c88c17729baff:0x5d6dc6987ad82bd5!8m2!3d39.6163099!4d-104.817019",2026-08-06,ChIJ_7opd8GIbIcR1SvYepjGbV0
Thai Garden,C,DM,1,no ad tracking,Hi there! I came across Thai Garden in Aurora and loved what you're doing. I help thai restaurants get found by more local customers on Google — mind if I share a quick idea here?,,,,+1 303-400-1173,info@beyondmenu.com,https://www.instagram.com/smorefood,https://www.facebook.com/smorefood,https://www.smorefood.com/order-online/thai-garden-aurora-80015-nj1somta%3Futm_source%3Dgmb%26utm_medium%3Dwebsite,real,"16911 E Quincy Ave Unit A7, Aurora, CO 80015",Aurora,Thai restaurant,4.2,534.0,"https://www.google.com/maps/place/Thai+Garden/@39.6400279,-104.7908968,14z/data=!4m8!1m2!2m1!1sThai+Garden!3m4!1s0x876c8906f7f63be5:0x1f5de650cd6000b5!8m2!3d39.6400279!4d-104.7908968",2026-08-06,ChIJ5Tv29waJbIcRtQBgzVDmXR8
McDonald's,C,DM,1,no ad tracking,Hi Lori! I came across McDonald's in Aurora and loved what you're doing. I help fast food restaurants get found by more local customers on Google — mind if I share a quick idea here?,,,Lori Nunez (Assistant Regional Real Estate Manager),+1 303-690-6868,lori.nunez@us.mcd.com,https://www.instagram.com/mcdonalds,https://www.facebook.com/McDonalds,https://www.mcdonalds.com/us/en-us/location/CO/AURORA/16890-E-QUINCY/7367.html%3Fcid%3DRF:YXT:GMB::Clicks,real,"16890 E Quincy Ave, Aurora, CO 80015",Aurora,Fast food restaurant,3.3,1936.0,"https://www.google.com/maps/place/McDonald%27s/@39.638056,-104.79184599999999,14z/data=!4m8!1m2!2m1!1sMcDonald%27s!3m4!1s0x876c8906a4606667:0xa4b5bed327827b9c!8m2!3d39.638056!4d-104.79184599999999",2026-08-06,ChIJZ2ZgpAaJbIcRnHuCJ9O-taQ
Burger King,C,DM,3,no Instagram; no ad tracking,Hi there! I came across Burger King in Centennial and loved what you're doing. I help restaurants get found by more local customers on Google — mind if I share a quick idea here?,,,,+1 303-680-1878,support@burgerking.com,,https://www.facebook.com/burgerking,https://burgerking.com/store-locator/store/8097,real,"16706 E Smoky Hill Rd, Centennial, CO 80015",Centennial,Restaurant,3.1,449.0,"https://www.google.com/maps/place/Burger+King/@39.6264855,-104.79362859999999,14z/data=!4m8!1m2!2m1!1sBurger+King!3m4!1s0x876c891eb0470fab:0x6ed5ee1a827948ce!8m2!3d39.6264855!4d-104.79362859999999",2026-08-06,ChIJqw9HsB6JbIcRzkh5ghru1W4
Saddle Rock Grill,C,DM,5,unclaimed GBP; no Instagram,"Hi there! I found Saddle Rock Grill in Aurora on Google and noticed the profile looks unclaimed — you're likely losing calls to competitors who show up polished. I help local businesses take over and optimize their Google listing — takes a week, mind if I share how?",,,,+1 303-326-8462,mhtavern@yahoo.com,,https://www.facebook.com/saddlerockgrillco,https://www.saddlerockgrill.com/,real,"21705 E Arapahoe Rd Ste B, Aurora, CO 80016",Aurora,Bar & grill,4.4,170.0,"https://www.google.com/maps/place/Saddle+Rock+Grill/@39.595835,-104.73613499999999,14z/data=!4m8!1m2!2m1!1sSaddle+Rock+Grill!3m4!1s0x876c8c11135d3d3f:0x98fd1d14590a76aa!8m2!3d39.595835!4d-104.73613499999999",2026-08-06,ChIJPz1dExGMbIcRqnYKWRQd_Zg
The Rock Restaurant and Bar,C,Email,2,no Instagram,Hi there! I came across The Rock Restaurant and Bar in Aurora and loved what you're doing. I help mexican restaurants get found by more local customers on Google — mind if I share a quick idea here?,,,,+1 303-690-7934,therockrestaurantandbar@gmail.com,,,http://rockrestaurantandbar.com/,real,"22934 E Smoky Hill Rd, Aurora, CO 80016",Aurora,Mexican restaurant,4.3,1806.0,"https://www.google.com/maps/place/The+Rock+Restaurant+and+Bar/@39.600003199999996,-104.72109379999999,14z/data=!4m8!1m2!2m1!1sThe+Rock+Restaurant+and+Bar!3m4!1s0x876c8c7018594d03:0xc74c9bf8be7e5e9a!8m2!3d39.600003199999996!4d-104.72109379999999",2026-08-06,ChIJA01ZGHCMbIcRml5-vvibTMc
Waldo’s Chicken and Beer,C,DM,1,no ad tracking,Hi there! Waldo’s Chicken and Beer stood out — 4.7★ across 1470 reviews is no accident. I help chicken restaurants turn that reputation into more booked appointments without leaning harder on ads — mind if I share a quick idea here?,,,,+1 303-974-9681,team@mmmthatsfresh.com,https://instagram.com/waldoschickenar,http://www.facebook.com/waldoschicken,http://waldoschicken.com/,real,"24153 E Prospect Ave, Aurora, CO 80016",Aurora,Chicken restaurant,4.7,1470.0,"https://www.google.com/maps/place/Waldo%E2%80%99s+Chicken+and+Beer/@39.5999043,-104.7065983,14z/data=!4m8!1m2!2m1!1sWaldo%E2%80%99s+Chicken+and+Beer!3m4!1s0x876c8d9cbb273c89:0xa48430b477a2b0bc!8m2!3d39.5999043!4d-104.7065983",2026-08-06,ChIJiTwnu5yNbIcRvLCid7QwhKQ
C' Amore Italian Restaurant,C,DM,0,,Hi there! C' Amore Italian Restaurant stood out — 4.5★ across 356 reviews is no accident. I help italian restaurants turn that reputation into more booked appointments without leaning harder on ads — mind if I share a quick idea here?,,,,+1 303-284-7359,camoreitalian@gmail.com,https://www.instagram.com/camore_italian,https://www.facebook.com/106456585684656,https://camorerestaurant.com/,real,"6232 S Parker Rd Unit 400, Centennial, CO 80016",Centennial,Italian restaurant,4.5,356.0,"https://www.google.com/maps/place/C%27+Amore+Italian+Restaurant/@39.6037229,-104.8065676,14z/data=!4m8!1m2!2m1!1sC%27+Amore+Italian+Restaurant!3m4!1s0x876c893b4b663cc9:0x7e3021551bde51da!8m2!3d39.6037229!4d-104.8065676",2026-08-06,ChIJyTxmSzuJbIcR2lHeG1UhMH4
Dolce Vita Italian Bistro & Restaurant,C,DM,0,,Hi there! Dolce Vita Italian Bistro & Restaurant stood out — 4.7★ across 1293 reviews is no accident. I help italian restaurants turn that reputation into more booked appointments without leaning harder on ads — mind if I share a quick idea here?,,,,+1 720-659-6543,dolcevitaaurora@gmail.com,https://www.instagram.com/dolce_vita_aurora,https://www.facebook.com/1134952849692349,https://dolcevitaaurora.com/,real,"6105 S Main St Unit F-104, Aurora, CO 80016",Aurora,Italian restaurant,4.7,1293.0,"https://www.google.com/maps/place/Dolce+Vita+Italian+Bistro+%26+Restaurant/@39.6057674,-104.7095544,14z/data=!4m8!1m2!2m1!1sDolce+Vita+Italian+Bistro+%26+Restaurant!3m4!1s0x876c8d4131785e8f:0x89e97c055393b0fe!8m2!3d39.6057674!4d-104.7095544",2026-08-06,ChIJj154MUGNbIcR_rCTUwV86Yk
Lazy Dog Restaurant & Bar,C,DM,1,no ad tracking,Hi Mariah! Lazy Dog Restaurant & Bar stood out — 4.5★ across 5687 reviews is no accident. I help american restaurants turn that reputation into more booked appointments without leaning harder on ads — mind if I share a quick idea here?,,,Mariah Machnikowski (Chief People Officer),+1 719-372-5724,mmach@ballyfitness.com,https://www.instagram.com/lazydogrestaurants,https://www.facebook.com/LazyDogRestaurants,https://lazydogrestaurants.com/pages/aurora-co-southlands,real,"24110 E State Ave, Aurora, CO 80016",Aurora,American restaurant,4.5,5687.0,"https://www.google.com/maps/place/Lazy+Dog+Restaurant+%26+Bar/@39.6021043,-104.7077396,14z/data=!4m8!1m2!2m1!1sLazy+Dog+Restaurant+%26+Bar!3m4!1s0x876c8c632bdb0389:0x50d5b0a40e434310!8m2!3d39.6021043!4d-104.7077396",2026-08-06,ChIJiQPbK2OMbIcREENDDqSw1VA
Legends Coffee,C,DM,1,no ad tracking,Hi there! Legends Coffee stood out — 4.6★ across 983 reviews is no accident. I help coffee shops turn that reputation into more booked appointments without leaning harder on ads — mind if I share a quick idea here?,,,,+1 720-297-9396,jacob@legendscoffeeco.com,http://www.instagram.com/legendscoffee,https://www.facebook.com/LegendsCoffeeAurora,http://www.legendscoffeeco.com/,real,"24100 E Commons Ave, Aurora, CO 80016",Aurora,Coffee shop,4.6,983.0,"https://www.google.com/maps/place/Legends+Coffee/@39.6042773,-104.7076963,14z/data=!4m8!1m2!2m1!1sLegends+Coffee!3m4!1s0x876c8c7d181456cd:0xebcabfb4b175377d!8m2!3d39.6042773!4d-104.7076963",2026-08-06,ChIJzVYUGH2MbIcRfTd1sbS_yus
Three Little Griddles,C,DM,2,no Instagram,Hi there! I came across Three Little Griddles in Aurora and loved what you're doing. I help breakfast restaurants get found by more local customers on Google — mind if I share a quick idea here?,,,,+1 303-693-4100,letstalk@thegriddle303.com,,https://www.facebook.com/TheGriddle303,https://threelittlegriddles.com/,real,"6040 S Gun Club Rd F2, Aurora, CO 80016",Aurora,Breakfast restaurant,4.3,1437.0,"https://www.google.com/maps/place/Three+Little+Griddles/@39.605277799999996,-104.71499999999999,14z/data=!4m8!1m2!2m1!1sThree+Little+Griddles!3m4!1s0x876c8c7a45b07371:0x88b6b4950809e80f!8m2!3d39.605277799999996!4d-104.71499999999999",2026-08-06,ChIJcXOwRXqMbIcRD-gJCJW0tog
Heritage Cafe,C,Email,2,no Instagram,Hi there! Heritage Cafe stood out — 4.5★ across 839 reviews is no accident. I help breakfast restaurants turn that reputation into more booked appointments without leaning harder on ads — mind if I share a quick idea here?,,,,+1 720-726-4549,heritagecafeaurora@gmail.com,,,https://www.heritagecafe-hc.com/,real,"22691 E Aurora Pkwy Unit B 8-9, Aurora, CO 80016",Aurora,Breakfast restaurant,4.5,839.0,"https://www.google.com/maps/place/Heritage+Cafe/@39.5757739,-104.72372019999999,14z/data=!4m8!1m2!2m1!1sHeritage+Cafe!3m4!1s0x876c8d09f9fd1f1b:0xd3a2c00463a8c938!8m2!3d39.5757739!4d-104.72372019999999",2026-08-06,ChIJGx_9-QmNbIcROMmoYwTAotM
Bangkok-Tokyo,C,Needs research,3,no Instagram; no ad tracking,Hi there! I came across Bangkok-Tokyo in Aurora and loved what you're doing. I help sushi restaurants get found by more local customers on Google — mind if I share a quick idea here?,,,,+1 303-627-6328,,,,https://www.bangkoktokyoaurora.com/,real,"6020 S Gun Club Rd Unit E5, Aurora, CO 80016",Aurora,Sushi restaurant,3.9,188.0,"https://www.google.com/maps/place/Bangkok-Tokyo/@39.6052073,-104.7160698,14z/data=!4m8!1m2!2m1!1sBangkok-Tokyo!3m4!1s0x876c8d87d8751aab:0x9cc5948748efdd84!8m2!3d39.6052073!4d-104.7160698",2026-08-06,ChIJqxp12IeNbIcRhN3vSIeUxZw
Smoky Hill Indian Cuisine,C,DM,3,no Instagram; no ad tracking,Hi there! Smoky Hill Indian Cuisine stood out — 4.8★ across 841 reviews is no accident. I help indian restaurants turn that reputation into more booked appointments without leaning harder on ads — mind if I share a quick idea here?,,,,+1 720-679-3889,zingmyorder@gmail.com,,https://www.facebook.com/Smoky-Hill-Indian-Restaurant-101179365869692,https://smokyhillrestaurant.com/,real,"22942 E Smoky Hill Rd Unit A, Aurora, CO 80016",Aurora,Indian restaurant,4.8,841.0,"https://www.google.com/maps/place/Smoky+Hill+Indian+Cuisine/@39.599997599999995,-104.72090589999999,14z/data=!4m8!1m2!2m1!1sSmoky+Hill+Indian+Cuisine!3m4!1s0x876c8d2868ab22ab:0xe699368eb48d067b!8m2!3d39.599997599999995!4d-104.72090589999999",2026-08-06,ChIJqyKraCiNbIcRewaNtI42meY
Señor Chicken Mexican,C,DM,1,no ad tracking,Hi there! Señor Chicken Mexican stood out — 4.5★ across 276 reviews is no accident. I help mexican restaurants turn that reputation into more booked appointments without leaning harder on ads — mind if I share a quick idea here?,,,,+1 303-955-5529,,https://www.instagram.com/senorchickenaurora,,https://www.senorchickenmexicanrestaurant.com/,real,"6780 S Liverpool St Unit D, Aurora, CO 80016",Aurora,Mexican restaurant,4.5,276.0,"https://www.google.com/maps/place/Se%C3%B1or+Chicken+Mexican/@39.5940103,-104.74332369999999,14z/data=!4m8!1m2!2m1!1sSe%C3%B1or+Chicken+Mexican!3m4!1s0x876c8d18ec46f563:0xd4f7292953141092!8m2!3d39.5940103!4d-104.74332369999999",2026-08-06,ChIJY_VG7BiNbIcRkhAUUykp99Q
Chick-fil-A,C,DM,2,no ad tracking; few reviews,Hi Brandon! Chick-fil-A stood out — 4.5★ across 33 reviews is no accident. I help fast food restaurants turn that reputation into more booked appointments without leaning harder on ads — mind if I share a quick idea here?,,,Brandon Barrett,+1 303-226-4015,Brandon.Barrett@chick-fil-a.Com,https://instagram.com/cfapoydras,https://www.facebook.com/Chick-Chill-61560394043418,https://www.chick-fil-a.com/locations/co/gartrell-rd-hwy-470%3Futm_source%3Dgoogle%26utm_medium%3Dgmb,real,"7495 S Gartrell Rd, Aurora, CO 80016",Aurora,Fast food restaurant,4.5,33.0,"https://www.google.com/maps/place/Chick-fil-A/@39.580759799999996,-104.72580719999999,14z/data=!4m8!1m2!2m1!1sChick-fil-A!3m4!1s0x876c8ddf78340c3f:0xa5bc433f5480b80a!8m2!3d39.580759799999996!4d-104.72580719999999",2026-08-06,ChIJPww0eN-NbIcRCriAVD9DvKU
Parkway Bar and Grill,C,DM,3,no Instagram; no ad tracking,Hi there! I came across Parkway Bar and Grill in Aurora and loved what you're doing. I help bar & grills get found by more local customers on Google — mind if I share a quick idea here?,,,,+1 303-693-6200,,,https://www.facebook.com/parkway.bar.16,http://www.parkwaybarandgrill.com/,real,"22775 E Aurora Pkwy, Aurora, CO 80016",Aurora,Bar & grill,4.4,1397.0,"https://www.google.com/maps/place/Parkway+Bar+and+Grill/@39.575265099999996,-104.7234577,14z/data=!4m8!1m2!2m1!1sParkway+Bar+and+Grill!3m4!1s0x876c8c4c0aae3edf:0x6930fc41cb91588a!8m2!3d39.575265099999996!4d-104.7234577",2026-08-06,ChIJ3z6uCkyMbIcRiliRy0H8MGk
Gar’s masala magic,C,Needs research,3,no Instagram; no ad tracking,Hi there! Gar’s masala magic stood out — 4.7★ across 101 reviews is no accident. I help indian restaurants turn that reputation into more booked appointments without leaning harder on ads — mind if I share a quick idea here?,,,,+1 720-512-5133,,,,http://garsmasala.com/,real,"25791 E Smoky Hill Rd #40, Aurora, CO 80016",Aurora,Indian restaurant,4.7,101.0,"https://www.google.com/maps/place/Gar%E2%80%99s+masala+magic/@39.5860293,-104.6871432,14z/data=!4m8!1m2!2m1!1sGar%E2%80%99s+masala+magic!3m4!1s0x876c8d5e526de72f:0x2f6a0b96c434e691!8m2!3d39.5860293!4d-104.6871432",2026-08-06,ChIJL-dtUl6NbIcRkeY0xJYLai8
Cheddar's Scratch Kitchen,C,DM,3,no Instagram; no ad tracking,Hi Joe! I came across Cheddar's Scratch Kitchen in Aurora and loved what you're doing. I help traditional american restaurants get found by more local customers on Google — mind if I share a quick idea here?,,,Joe Macias (Bar Manager),+1 303-699-9800,joemacias@att.net,,http://www.facebook.com/cheddarsscratchkitchen,https://www.cheddars.com/locations/location-search%3Fcmpid%3Dbr:csk_ag:ie_ch:loc_ca:CSKGMB_sn:gmb_gt:aurora-co-9006_pl:locurl_rd:1175,real,"15775 E Briarwood Cir, Aurora, CO 80016",Aurora,Traditional American restaurant,4.3,3795.0,"https://www.google.com/maps/place/Cheddar%27s+Scratch+Kitchen/@39.5942265,-104.8041051,14z/data=!4m8!1m2!2m1!1sCheddar%27s+Scratch+Kitchen!3m4!1s0x876c8f29363e2c6f:0x902c783767287934!8m2!3d39.5942265!4d-104.8041051",2026-08-06,ChIJbyw-NimPbIcRNHkoZzd4LJA
Tasty Pot,C,DM,1,no ad tracking,Hi there! Tasty Pot stood out — 4.8★ across 803 reviews is no accident. I help hot pot restaurants turn that reputation into more booked appointments without leaning harder on ads — mind if I share a quick idea here?,,,,+1 720-222-0219,alexlung28@gmail.com,https://www.instagram.com/tastypot.usa,https://www.facebook.com/tastypotcolorado,https://tastypotcolorado.com/tastypot-7mnfbn%3Futm_source%3Dgoogle,real,"6330 S Parker Rd, Aurora, CO 80016",Aurora,Hot pot restaurant,4.8,803.0,"https://www.google.com/maps/place/Tasty+Pot/@39.6016759,-104.8045178,14z/data=!4m8!1m2!2m1!1sTasty+Pot!3m4!1s0x876c890d5f91bf3f:0x40006caccf82eba6!8m2!3d39.6016759!4d-104.8045178",2026-08-06,ChIJP7-RXw2JbIcRpuuCz6xsAEA
Olive Garden Italian Restaurant,C,DM,2,no Instagram,Hi Ray! I came across Olive Garden Italian Restaurant in Aurora and loved what you're doing. I help italian restaurants get found by more local customers on Google — mind if I share a quick idea here?,,,Ray  Dilcox,+1 303-400-0199,RDILCOX@OLIVEGARDEN.COM,,https://www.facebook.com/OliveGardenSaskatoon?locale=cs_CZ,https://www.olivegarden.com/locations/co/aurora/aurora-southlands-pkwy/1714%3Fcmpid%3Dbr:og_ag:ie_ch:loc_ca:OGGMB_sn:gmb_gt:aurora-co-1714_pl:locurl_rd:1562,real,"6089 S Southlands Pkwy, Aurora, CO 80016",Aurora,Italian restaurant,4.3,2507.0,"https://www.google.com/maps/place/Olive+Garden+Italian+Restaurant/@39.605554,-104.71181399999999,14z/data=!4m8!1m2!2m1!1sOlive+Garden+Italian+Restaurant!3m4!1s0x876c8c7b861cce57:0xcd7a53e78d37a51c!8m2!3d39.605554!4d-104.71181399999999",2026-08-06,ChIJV84chnuMbIcRHKU3jedTes0
Bent Barley Brewing Company,C,DM,1,no ad tracking,Hi there! Bent Barley Brewing Company stood out — 4.7★ across 240 reviews is no accident. I help brewerys turn that reputation into more booked appointments without leaning harder on ads — mind if I share a quick idea here?,,,,+1 303-627-5799,cheers@bentbarley.com,https://instagram.com/instagram.com,https://facebook.com/facebook.com,http://bentbarley.com/,real,"6200 S Main St #110, Aurora, CO 80016",Aurora,Brewery,4.7,240.0,"https://www.google.com/maps/place/Bent+Barley+Brewing+Company/@39.604390099999996,-104.70819039999999,14z/data=!4m8!1m2!2m1!1sBent+Barley+Brewing+Company!3m4!1s0x876c8dc2dafb9d57:0xa4fae470eefcb984!8m2!3d39.604390099999996!4d-104.70819039999999",2026-08-06,ChIJV5372sKNbIcRhLn87nDk-qQ
Haldi Indian Cuisine & Bar,C,Email,3,no Instagram; no ad tracking,Hi there! Haldi Indian Cuisine & Bar stood out — 4.9★ across 875 reviews is no accident. I help indian restaurants turn that reputation into more booked appointments without leaning harder on ads — mind if I share a quick idea here?,,,,+1 303-993-6658,info@haldiindiancuisine.com,,,http://www.haldiindiancuisine.com/,real,"24223 E Prospect Ave, Aurora, CO 80016",Aurora,Indian restaurant,4.9,875.0,"https://www.google.com/maps/place/Haldi+Indian+Cuisine+%26+Bar/@39.599851099999995,-104.7058775,14z/data=!4m8!1m2!2m1!1sHaldi+Indian+Cuisine+%26+Bar!3m4!1s0x876c8d239a1c8409:0x33296fa89071adc8!8m2!3d39.599851099999995!4d-104.7058775",2026-08-06,ChIJCYQcmiONbIcRyK1xkKhvKTM
Monsoon Cuisine Of India,C,DM,3,no Instagram; no ad tracking,Hi there! Monsoon Cuisine Of India stood out — 4.6★ across 1456 reviews is no accident. I help indian restaurants turn that reputation into more booked appointments without leaning harder on ads — mind if I share a quick idea here?,,,,+1 303-627-5444,monsoonsouthlands@gmail.com,,https://www.facebook.com/monsoonsouthlands,http://www.monsoonsouthlands.com/,real,"24107 E Commons Ave, Aurora, CO 80016",Aurora,Indian restaurant,4.6,1456.0,"https://www.google.com/maps/place/Monsoon+Cuisine+Of+India/@39.604749,-104.70773159999999,14z/data=!4m8!1m2!2m1!1sMonsoon+Cuisine+Of+India!3m4!1s0x876c8c7d1ade0569:0xfacb1558b72ee7d4!8m2!3d39.604749!4d-104.70773159999999",2026-08-06,ChIJaQXeGn2MbIcR1Ocut1gVy_o
Bookmakers Burgers Bourbon Brews,C,DM,0,,Hi there! Bookmakers Burgers Bourbon Brews stood out — 4.5★ across 926 reviews is no accident. I help bar & grills turn that reputation into more booked appointments without leaning harder on ads — mind if I share a quick idea here?,,,,+1 303-353-8298,info@bookmakersbarandgrill.com,https://www.instagram.com/bookmakersburgers,https://www.facebook.com/BookmakersBBB,https://bookmakersbarandgrill.com/,real,"25791 E Smoky Hill Rd #50, Aurora, CO 80016",Aurora,Bar & grill,4.5,926.0,"https://www.google.com/maps/place/Bookmakers+Burgers+Bourbon+Brews/@39.5860055,-104.6872772,14z/data=!4m8!1m2!2m1!1sBookmakers+Burgers+Bourbon+Brews!3m4!1s0x876c8ce8baa055f7:0x1ba1653180ac7a8f!8m2!3d39.5860055!4d-104.6872772",2026-08-06,ChIJ91WguuiMbIcRj3qsgDFloRs
PokeMen,C,DM,1,no ad tracking,Hi Alanna! PokeMen stood out — 4.6★ across 421 reviews is no accident. I help poke bars turn that reputation into more booked appointments without leaning harder on ads — mind if I share a quick idea here?,,,Alanna Gregory (Head Of Customer Growth And Engagement),+1 720-274-5700,alanna.gregory@gmail.com,https://instagram.com/bowld_up_,https://www.facebook.com/SquareCash,http://cash.app/%24pokemen1,real,"23955 E Plaza Ave, Aurora, CO 80016",Aurora,Poke bar,4.6,421.0,"https://www.google.com/maps/place/PokeMen/@39.6063068,-104.7093761,14z/data=!4m8!1m2!2m1!1sPokeMen!3m4!1s0x876c8d7c2de1b949:0x1c6318a127b805e5!8m2!3d39.6063068!4d-104.7093761",2026-08-06,ChIJSbnhLXyNbIcR5QW4J6EYYxw
Phở 90,C,Email,2,no Instagram,Hi there! I came across Phở 90 in Aurora and loved what you're doing. I help vietnamese restaurants get found by more local customers on Google — mind if I share a quick idea here?,,,,+1 303-627-5718,pho90southlands@gmail.com,,,https://www.pho90co.com/,real,"23955 E Plaza Ave G115 & 117, Aurora, CO 80016",Aurora,Vietnamese restaurant,3.6,480.0,"https://www.google.com/maps/place/Ph%E1%BB%9F+90/@39.606272499999996,-104.70826129999999,14z/data=!4m8!1m2!2m1!1sPh%E1%BB%9F+90!3m4!1s0x876c8c7c49c3666b:0xbcbd55516ce3609e!8m2!3d39.606272499999996!4d-104.70826129999999",2026-08-06,ChIJa2bDSXyMbIcRnmDjbFFVvbw
En Fuego Cantina,C,DM,1,no ad tracking,Hi there! I came across En Fuego Cantina in Aurora and loved what you're doing. I help mexican restaurants get found by more local customers on Google — mind if I share a quick idea here?,,,,+1 720-973-8226,,https://www.instagram.com/enfuego.cantina,https://www.facebook.com/EnFuegoCantina,http://enfuegocantina.net/,real,"6105 S Main St F103, Aurora, CO 80016",Aurora,Mexican restaurant,4.2,200.0,"https://www.google.com/maps/place/En+Fuego+Cantina/@39.6057674,-104.7095544,14z/data=!4m8!1m2!2m1!1sEn+Fuego+Cantina!3m4!1s0x876c8d0ec488573d:0x474a4ca70ef6b673!8m2!3d39.6057674!4d-104.7095544",2026-08-06,ChIJPVeIxA6NbIcRc7b2DqdMSkc
Doug's Diner,C,DM,2,no Instagram,Hi there! Doug's Diner stood out — 4.5★ across 2177 reviews is no accident. I help breakfast restaurants turn that reputation into more booked appointments without leaning harder on ads — mind if I share a quick idea here?,,,,+1 720-870-6228,dougsdaydiners@gmail.com,,https://www.facebook.com/p,https://www.dougsdiner.com/,real,"15444 E Orchard Rd, Centennial, CO 80016",Centennial,Breakfast restaurant,4.5,2177.0,"https://www.google.com/maps/place/Doug%27s+Diner/@39.610029999999995,-104.808825,14z/data=!4m8!1m2!2m1!1sDoug%27s+Diner!3m4!1s0x876c88d075645357:0x1f40e4a06241604!8m2!3d39.610029999999995!4d-104.808825",2026-08-06,ChIJV1NkddCIbIcRBBYkBkoO9AE
Smashburger,C,DM,1,no ad tracking,Hi John! I came across Smashburger in Aurora and loved what you're doing. I help hamburger restaurants get found by more local customers on Google — mind if I share a quick idea here?,,,John Armstrong (General Manager),+1 720-505-4606,armstrongjohnc@gmail.com,https://www.instagram.com/smashburger,https://www.facebook.com/smashburger,https://smashburger.com/locations/us/co/aurora/23890-e-smoky-hill-rd%3Futm_medium%3Dorganic%26utm_source%3Dlocal%26utm_campaign%3Dgooglelistings%26utm_content%3Dwebsite%26utm_term%3D1524,real,"23890 E Smoky Hill Rd Unit 240, Aurora, CO 80016",Aurora,Hamburger restaurant,4.2,1449.0,"https://www.google.com/maps/place/Smashburger/@39.598829699999996,-104.7097347,14z/data=!4m8!1m2!2m1!1sSmashburger!3m4!1s0x876c8c6396f21bc5:0x82674829ed85436d!8m2!3d39.598829699999996!4d-104.7097347",2026-08-06,ChIJxRvylmOMbIcRbUOF7SlIZ4I
Olive Branch Grill,C,DM,1,no ad tracking,Hi there! Olive Branch Grill stood out — 4.8★ across 513 reviews is no accident. I help mediterranean restaurants turn that reputation into more booked appointments without leaning harder on ads — mind if I share a quick idea here?,,,,+1 303-502-3444,info@olivebranchgrill.com,https://www.instagram.com/olivebranchgrillcentennial,https://www.facebook.com/olivebranchgrillcentennial,http://www.olivebranchgrill.com/,real,"6583 S Parker Rd Ste 100, Centennial, CO 80016",Centennial,Mediterranean restaurant,4.8,513.0,"https://www.google.com/maps/place/Olive+Branch+Grill/@39.5968145,-104.8041148,14z/data=!4m8!1m2!2m1!1sOlive+Branch+Grill!3m4!1s0x876c8fce00f89a7d:0xf27c706297b8392c!8m2!3d39.5968145!4d-104.8041148",2026-08-06,ChIJfZr4AM6PbIcRLDm4l2JwfPI
Southlands,C,DM,3,unclaimed GBP,"Hi Robin! I found Southlands in Aurora on Google and noticed the profile looks unclaimed — you're likely losing calls to competitors who show up polished. I help local businesses take over and optimize their Google listing — takes a week, mind if I share how?",,,Robin Boileau (Property Accountant),+1 303-627-5000,rboileau@northwoodretail.com,https://www.instagram.com/shopsouthlands,http://www.facebook.com/shopsouthlands,https://www.shopsouthlands.com/,real,"6155 S Main St Suite 260, Aurora, CO 80016",Aurora,Shopping mall,4.5,7308.0,"https://www.google.com/maps/place/Southlands/@39.6045397,-104.70901669999999,14z/data=!4m8!1m2!2m1!1sSouthlands!3m4!1s0x876c8c7c56119465:0x9b0a8be07703d1d6!8m2!3d39.6045397!4d-104.70901669999999",2026-08-06,ChIJZZQRVnyMbIcR1tEDd-CLCps
P.F. Chang's,C,DM,1,no ad tracking,Hi there! P.F. Chang's stood out — 4.5★ across 2828 reviews is no accident. I help chinese restaurants turn that reputation into more booked appointments without leaning harder on ads — mind if I share a quick idea here?,,,,+1 303-627-5450,info@pfchangs.com,https://www.instagram.com/pfchangs,https://www.facebook.com/pfchangs,https://locations.pfchangs.com/co/aurora/23902-e-prospect-ave.html%3Futm_source%3Dgoogle_gbp%26utm_medium%3Dorganic,real,"23902 E Prospect Ave, Aurora, CO 80016",Aurora,Chinese restaurant,4.5,2828.0,"https://www.google.com/maps/place/P.F.+Chang%27s/@39.6001261,-104.71032819999999,14z/data=!4m8!1m2!2m1!1sP.F.+Chang%27s!3m4!1s0x876c8c6375e2aeaf:0x5ab2e6870aa5ce02!8m2!3d39.6001261!4d-104.71032819999999",2026-08-06,ChIJr67idWOMbIcRAs6lCofmslo
"Aurora, CO 80017",D,Needs research,6,no website; no Instagram; few reviews,"Hi there! I came across Aurora, CO 80017 in Aurora — great reviews, but I noticed people can't book or browse you online yet. I build simple sites for postal codes that turn Google searches into booked appointments — mind if I share a quick idea here?",,,,,,,,,none,"Aurora, CO",Aurora,Postal code,,,"https://www.google.com/maps/place/Aurora%2C+CO+80017/@39.693708699999995,-104.7871004,14z/data=!4m8!1m2!2m1!1sAurora%2C+CO+80017!3m4!1s0x876c6212fcb45e7d:0x253121eb2bcdebe2!8m2!3d39.693708699999995!4d-104.7871004",2026-08-06,ChIJfV60_BJibIcR4uvNK-shMSU
"Aurora, CO 80018",D,Needs research,6,no website; no Instagram; few reviews,"Hi there! I came across Aurora, CO 80018 in Aurora — great reviews, but I noticed people can't book or browse you online yet. I build simple sites for postal codes that turn Google searches into booked appointments — mind if I share a quick idea here?",,,,,,,,,none,"Aurora, CO",Aurora,Postal code,,,"https://www.google.com/maps/place/Aurora%2C+CO+80018/@39.7057771,-104.6937674,14z/data=!4m8!1m2!2m1!1sAurora%2C+CO+80018!3m4!1s0x876c8a7fc1e8c853:0xbd9e911d93cd0b6!8m2!3d39.7057771!4d-104.6937674",2026-08-06,ChIJU8jowX-KbIcRttA82RHp2Qs
"Aurora, CO 80019",D,Needs research,6,no website; no Instagram; few reviews,"Hi there! I came across Aurora, CO 80019 in Aurora — great reviews, but I noticed people can't book or browse you online yet. I build simple sites for postal codes that turn Google searches into booked appointments — mind if I share a quick idea here?",,,,,,,,,none,"Aurora, CO",Aurora,Postal code,,,"https://www.google.com/maps/place/Aurora%2C+CO+80019/@39.7864873,-104.6937674,14z/data=!4m8!1m2!2m1!1sAurora%2C+CO+80019!3m4!1s0x876c672e1d015a89:0x33acc37b7923375c!8m2!3d39.7864873!4d-104.6937674",2026-08-06,ChIJiVoBHS5nbIcRXDcjeXvDrDM
,D,Needs research,6,no website; no Instagram; few reviews,"Hi there! I came across  — great reviews, but I noticed people can't book or browse you online yet. I build simple sites for local businesses that turn Google searches into booked appointments — mind if I share a quick idea here?",,,,,,,,,none,,,,,,,2026-08-06,__NO_PLACE_FOUND__
"Aurora, CO 80041",D,Needs research,6,no website; no Instagram; few reviews,"Hi there! I came across Aurora, CO 80041 in Aurora — great reviews, but I noticed people can't book or browse you online yet. I build simple sites for postal codes that turn Google searches into booked appointments — mind if I share a quick idea here?",,,,,,,,,none,"Aurora, CO",Aurora,Postal code,,,"https://www.google.com/maps/place/Aurora%2C+CO+80041/@39.699999999999996,-104.83999999999999,14z/data=!4m8!1m2!2m1!1sAurora%2C+CO+80041!3m4!1s0x876c62cbd0ca86f3:0xbc37cba8bf64d3aa!8m2!3d39.699999999999996!4d-104.83999999999999",2026-08-06,ChIJ84bK0MtibIcRqtNkv6jLN7w
"Aurora, CO 80042",D,Needs research,6,no website; no Instagram; few reviews,"Hi there! I came across Aurora, CO 80042 in Aurora — great reviews, but I noticed people can't book or browse you online yet. I build simple sites for postal codes that turn Google searches into booked appointments — mind if I share a quick idea here?",,,,,,,,,none,"Aurora, CO",Aurora,Postal code,,,"https://www.google.com/maps/place/Aurora%2C+CO+80042/@39.7400461,-104.80996329999999,14z/data=!4m8!1m2!2m1!1sAurora%2C+CO+80042!3m4!1s0x876c630d5dea5d7f:0xb457f6804a4c674!8m2!3d39.7400461!4d-104.80996329999999",2026-08-06,ChIJf13qXQ1jbIcRdMakBGh_RQs
"Aurora, CO 80044",D,Needs research,6,no website; no Instagram; few reviews,"Hi there! I came across Aurora, CO 80044 in Aurora — great reviews, but I noticed people can't book or browse you online yet. I build simple sites for postal codes that turn Google searches into booked appointments — mind if I share a quick idea here?",,,,,,,,,none,"Aurora, CO",Aurora,Postal code,,,"https://www.google.com/maps/place/Aurora%2C+CO+80044/@39.659999899999995,-104.83999999999999,14z/data=!4m8!1m2!2m1!1sAurora%2C+CO+80044!3m4!1s0x876c880c5560a2eb:0xd0160e9255b8159f!8m2!3d39.659999899999995!4d-104.83999999999999",2026-08-06,ChIJ66JgVQyIbIcRnxW4VZIOFtA
"Aurora, CO 80045",D,Needs research,6,no website; no Instagram; few reviews,"Hi there! I came across Aurora, CO 80045 in Aurora — great reviews, but I noticed people can't book or browse you online yet. I build simple sites for postal codes that turn Google searches into booked appointments — mind if I share a quick idea here?",,,,,,,,,none,"Aurora, CO",Aurora,Postal code,,,"https://www.google.com/maps/place/Aurora%2C+CO+80045/@39.7503186,-104.83670629999999,14z/data=!4m8!1m2!2m1!1sAurora%2C+CO+80045!3m4!1s0x876c634437c3f9bb:0xe2eb74c20005a514!8m2!3d39.7503186!4d-104.83670629999999",2026-08-06,ChIJu_nDN0RjbIcRFKUFAMJ06-I
"The Great Greek Mediterranean Grill - Aurora, CO",C,DM,1,no ad tracking,"Hi Nick! I came across The Great Greek Mediterranean Grill - Aurora, CO in Aurora and loved what you're doing. I help greek restaurants get found by more local customers on Google — mind if I share a quick idea here?",,,Nick Penna (Owner/Operator),+1 303-285-1011,nick@thegreatgreekgrill.com,https://instagram.com/greatgreekgrillrocklincaeast,https://www.facebook.com/107876308661736,https://www.thegreatgreekgrill.com/aurora-co,real,"13650 E Colfax Ave K, Aurora, CO 80011",Aurora,Greek restaurant,4.3,1287.0,"https://www.google.com/maps/place/The+Great+Greek+Mediterranean+Grill+-+Aurora%2C+CO/@39.7398015,-104.82911829999999,14z/data=!4m8!1m2!2m1!1sThe+Great+Greek+Mediterranean+Grill+-+Aurora%2C+CO!3m4!1s0x876c6390c533aa71:0x5db04f4cf997ea9e!8m2!3d39.7398015!4d-104.82911829999999",2026-08-06,ChIJcaozxZBjbIcRnuqX-UxPsF0
Top Phở,C,DM,2,no Instagram,Hi there! Top Phở stood out — 4.5★ across 1386 reviews is no accident. I help vietnamese restaurants turn that reputation into more booked appointments without leaning harder on ads — mind if I share a quick idea here?,,,,+1 303-341-0566,topphoco@gmail.com,,https://www.facebook.com/100109062557394,https://www.topphoaurora.com/,real,"11697 E Colfax Ave, Aurora, CO 80010",Aurora,Vietnamese restaurant,4.5,1386.0,"https://www.google.com/maps/place/Top+Ph%E1%BB%9F/@39.7405501,-104.8521933,14z/data=!4m8!1m2!2m1!1sTop+Ph%E1%BB%9F!3m4!1s0x876c7cb6b1cd1bc9:0xbfe6da705707f341!8m2!3d39.7405501!4d-104.8521933",2026-08-06,ChIJyRvNsbZ8bIcRQfMHV3Da5r8
WoodMill,D,DM,5,unclaimed GBP; no ad tracking; few reviews,"Hi there! I found WoodMill in Aurora on Google and noticed the profile looks unclaimed — you're likely losing calls to competitors who show up polished. I help local businesses take over and optimize their Google listing — takes a week, mind if I share how?",,,,+1 303-800-0509,hiring@woodgrainbagel.com,https://www.instagram.com/woodgrainbagels,https://www.facebook.com/woodgrain.bagels,https://www.woodgrainbagels.com/,real,"13001 E 17th Pl, Aurora, CO 80045",Aurora,Breakfast restaurant,4.8,6.0,"https://www.google.com/maps/place/WoodMill/@39.7455133,-104.83759839999999,14z/data=!4m8!1m2!2m1!1sWoodMill!3m4!1s0x876c630038c4c0c1:0x97ea90cef1dd7460!8m2!3d39.7455133!4d-104.83759839999999",2026-08-06,ChIJwcDEOABjbIcRYHTd8c6Q6pc
Smashburger,C,DM,1,no ad tracking,Hi there! I came across Smashburger in Aurora and loved what you're doing. I help hamburger restaurants get found by more local customers on Google — mind if I share a quick idea here?,,,,+1 720-505-4605,feedback@smashburger.com,https://www.instagram.com/smashburger,https://www.facebook.com/smashburger,https://smashburger.com/locations/us/co/aurora/13700-e-colfax-ave%3Futm_medium%3Dorganic%26utm_source%3Dlocal%26utm_campaign%3Dgooglelistings%26utm_content%3Dwebsite%26utm_term%3D1316,real,"13700 E Colfax Ave K, Aurora, CO 80011",Aurora,Hamburger restaurant,4.2,2061.0,"https://www.google.com/maps/place/Smashburger/@39.7394061,-104.8279835,14z/data=!4m8!1m2!2m1!1sSmashburger!3m4!1s0x876c63474b231315:0xb4c4c09f0b51561d!8m2!3d39.7394061!4d-104.8279835",2026-08-06,ChIJFRMjS0djbIcRHVZRC5_AxLQ
La Costa Authentic Mexican Food,C,DM,2,no Instagram,Hi there! I came across La Costa Authentic Mexican Food in Aurora and loved what you're doing. I help mexican restaurants get found by more local customers on Google — mind if I share a quick idea here?,,,,+1 303-341-1685,ruthmchavez21@gmail.com,,https://facebook.com/La-Costa-Authentic-Mexican-Food-728918890616050,http://lacostamexicanfood.com/,real,"15037 E Colfax Ave Ste L, Aurora, CO 80011",Aurora,Mexican restaurant,4.3,730.0,"https://www.google.com/maps/place/La+Costa+Authentic+Mexican+Food/@39.7409928,-104.81356679999999,14z/data=!4m8!1m2!2m1!1sLa+Costa+Authentic+Mexican+Food!3m4!1s0x876c6312b3a8f537:0x2e2419c5b52dcab8!8m2!3d39.7409928!4d-104.81356679999999",2026-08-06,ChIJN_WosxJjbIcRuMottcUZJC4
Change Please Coffee,C,DM,1,no ad tracking,Hi there! Change Please Coffee stood out — 4.8★ across 57 reviews is no accident. I help cafes turn that reputation into more booked appointments without leaning harder on ads — mind if I share a quick idea here?,,,,,wholesale@changeplease.org,https://www.instagram.com/changepleaseusa,,https://changeplease-us.org/,real,"2115 N Scranton St Ste 1080, Aurora, CO 80045",Aurora,Cafe,4.8,57.0,"https://www.google.com/maps/place/Change+Please+Coffee/@39.7481587,-104.84024509999999,14z/data=!4m8!1m2!2m1!1sChange+Please+Coffee!3m4!1s0x876c6365f998e8af:0x92d1a4e4bb7da317!8m2!3d39.7481587!4d-104.84024509999999",2026-08-06,ChIJr-iY-WVjbIcRF6N9u-Sk0ZI
IHOP,C,DM,1,no ad tracking,Hi Ronnie! I came across IHOP in Aurora and loved what you're doing. I help breakfast restaurants get found by more local customers on Google — mind if I share a quick idea here?,,,Ronnie Howard (President),+1 303-341-7125,ronnie.howard@ihop.com,https://www.instagram.com/ihop,https://www.facebook.com/IHOP,https://restaurants.ihop.com/en-us/co/aurora/breakfast-13650-e.-colfax-ave-3584%3Futm_source%3Dgoogle%26utm_medium%3Dorganic%26utm_campaign%3Dgoogle_my_business%26utm_term%3D3584%26utm_content%3Dwebsite,real,"13650 E Colfax Ave Suite L, Aurora, CO 80011",Aurora,Breakfast restaurant,3.9,3393.0,"https://www.google.com/maps/place/IHOP/@39.7399195,-104.8290492,14z/data=!4m8!1m2!2m1!1sIHOP!3m4!1s0x876c634769aaaaab:0xd958047f8ba6f810!8m2!3d39.7399195!4d-104.8290492",2026-08-06,ChIJq6qqaUdjbIcREPimi38EWNk
Panera Bread,C,DM,1,no ad tracking,Hi Jack! I came across Panera Bread in Aurora and loved what you're doing. I help cafes get found by more local customers on Google — mind if I share a quick idea here?,,,Jack Adams (Manager),+1 303-731-8300,jadams@panera-colorado.com,https://www.instagram.com/panerabread,https://www.facebook.com/panerabread,https://www.panerabread.com/en-us/cafe/locations/co/aurora/13100-e-colfax-avenue%3Futm_medium%3Dlocal%26utm_source%3Dgoogle%26utm_campaign%3Ddpm-dist%26utm_term%3D202447%26utm_content%3Dmain,real,"13100 E Colfax Ave, Aurora, CO 80011",Aurora,Cafe,4.0,1347.0,"https://www.google.com/maps/place/Panera+Bread/@39.7398301,-104.83562069999999,14z/data=!4m8!1m2!2m1!1sPanera+Bread!3m4!1s0x876c6348641adae3:0xc120321b16d882af!8m2!3d39.7398301!4d-104.83562069999999",2026-08-06,ChIJ49oaZEhjbIcRr4LYFhsyIME
Denny's Restaurant,C,DM,1,no ad tracking,Hi there! I came across Denny's Restaurant in Aurora and loved what you're doing. I help restaurants get found by more local customers on Google — mind if I share a quick idea here?,,,,+1 303-344-7196,dennys6865@gmail.com,https://instagram.com/dennysdiner,https://www.facebook.com/dennys,https://locations.dennys.com/CO/AURORA/248720%3Futm_source%3DG%26utm_medium%3Dorganic%26utm_campaign%3DDAC,real,"16751 E 32nd Ave, Aurora, CO 80011",Aurora,Restaurant,4.2,6439.0,"https://www.google.com/maps/place/Denny%27s+Restaurant/@39.7629556,-104.79270029999999,14z/data=!4m8!1m2!2m1!1sDenny%27s+Restaurant!3m4!1s0x876c6380ccbbcb89:0x7ff5384c0c928b1f!8m2!3d39.7629556!4d-104.79270029999999",2026-08-06,ChIJicu7zIBjbIcRH4uSDEw49X8
Subway,C,DM,3,no Instagram; no ad tracking,Hi there! I came across Subway in Aurora and loved what you're doing. I help sandwich shops get found by more local customers on Google — mind if I share a quick idea here?,,,,+1 303-360-7120,tammie_hatch@yahoo.com,,https://www.facebook.com/SubwayMolndal,https://restaurants.subway.com/united-states/co/aurora/12501-e-17th-ave%3Futm_source%3Dyxt-goog%26utm_medium%3Dlocal%26utm_term%3Dacq%26utm_content%3D43209%26utm_campaign%3Devergreen-2020%26y_source%3D1_MTQ5MTA3MTgtNzE1LWxvY2F0aW9uLndlYnNpdGU%253D,real,"12501 E 17th Ave Unit D, Aurora, CO 80045",Aurora,Sandwich shop,3.1,160.0,"https://www.google.com/maps/place/Subway/@39.7440135,-104.8418185,14z/data=!4m8!1m2!2m1!1sSubway!3m4!1s0x876c634cee36117b:0x47100dc4976cc8d!8m2!3d39.7440135!4d-104.8418185",2026-08-06,ChIJexE27kxjbIcRjcx2SdwAcQQ
Chipotle Mexican Grill,C,DM,1,no ad tracking,Hi there! I came across Chipotle Mexican Grill in Aurora and loved what you're doing. I help mexican restaurants get found by more local customers on Google — mind if I share a quick idea here?,,,,+1 303-344-2140,wy.1014.cheyenne@chipotle.com,https://instagram.com/chipotle,https://facebook.com/chipotle,https://locations.chipotle.com/co/aurora/13700-e-colfax-ave%3Futm_source%3Dgoogle%26utm_medium%3Dyext%26utm_campaign%3Dyext_listings%3Frestaurant%3D745,real,"13700 E Colfax Ave, Aurora, CO 80011",Aurora,Mexican restaurant,3.8,1105.0,"https://www.google.com/maps/place/Chipotle+Mexican+Grill/@39.7398986,-104.827771,14z/data=!4m8!1m2!2m1!1sChipotle+Mexican+Grill!3m4!1s0x876c634735e220d1:0x691b732e0e66e8d8!8m2!3d39.7398986!4d-104.827771",2026-08-06,ChIJ0SDiNUdjbIcR2OhmDi5zG2k
The Benson Hotel & Faculty Club,C,DM,1,no ad tracking,Hi there! I came across The Benson Hotel & Faculty Club in Aurora and loved what you're doing. I help restaurants get found by more local customers on Google — mind if I share a quick idea here?,,,,+1 720-627-5958,hello@thebensonhotel.com,https://www.instagram.com/thebensonhotel,https://www.facebook.com/thebensonhotel,https://thebensonhotel.com/%3Futm_source%3Dgmblisting%26utm_medium%3Dorganic,real,"13025 E Montview Blvd, Aurora, CO 80045",Aurora,Restaurant,4.4,228.0,"https://www.google.com/maps/place/The+Benson+Hotel+%26+Faculty+Club/@39.7477904,-104.83644699999999,14z/data=!4m8!1m2!2m1!1sThe+Benson+Hotel+%26+Faculty+Club!3m4!1s0x876c63e36967eea9:0xf1e472e596d88e2e!8m2!3d39.7477904!4d-104.83644699999999",2026-08-06,ChIJqe5naeNjbIcRLo7YluVy5PE
La Machaca De Mi Ama,C,Email,2,no Instagram,Hi there! I came across La Machaca De Mi Ama in Aurora and loved what you're doing. I help mexican restaurants get found by more local customers on Google — mind if I share a quick idea here?,,,,+1 303-366-1913,black9@qq.com,,,https://lamachaca.top/,real,"11809 E Colfax Ave, Aurora, CO 80010",Aurora,Mexican restaurant,4.2,853.0,"https://www.google.com/maps/place/La+Machaca+De+Mi+Ama/@39.7404134,-104.8502122,14z/data=!4m8!1m2!2m1!1sLa+Machaca+De+Mi+Ama!3m4!1s0x876c7d400bbcf88d:0x21b61236bdf60136!8m2!3d39.7404134!4d-104.8502122",2026-08-06,ChIJjfi8C0B9bIcRNgH2vTYStiE
Mama Alvino's Pizzeria,C,DM,3,no Instagram; no ad tracking,Hi there! Mama Alvino's Pizzeria stood out — 4.5★ across 1562 reviews is no accident. I help pizza restaurants turn that reputation into more booked appointments without leaning harder on ads — mind if I share a quick idea here?,,,,+1 303-364-1894,,,https://facebook.com/mamaalvinos\,http://mamaalvinos.com/,real,"15179 E Colfax Ave A, Aurora, CO 80011",Aurora,Pizza restaurant,4.5,1562.0,"https://www.google.com/maps/place/Mama+Alvino%27s+Pizzeria/@39.7415434,-104.8111699,14z/data=!4m8!1m2!2m1!1sMama+Alvino%27s+Pizzeria!3m4!1s0x876c6312b905f199:0x77bd43293295e9fb!8m2!3d39.7415434!4d-104.8111699",2026-08-06,ChIJmfEFuRJjbIcR--mVMilDvXc
Guadalajara Authentic Mexican Buffet,C,DM,2,no Instagram,Hi there! I came across Guadalajara Authentic Mexican Buffet in Aurora and loved what you're doing. I help mexican restaurants get found by more local customers on Google — mind if I share a quick idea here?,,,,+1 303-344-3862,placejoys.com@gmail.com,,https://www.facebook.com/GuadalajaraMexicanBuffet,https://guadalajarabuffet.shop/,real,"11385 E Colfax Ave, Aurora, CO 80010",Aurora,Mexican restaurant,4.2,2778.0,"https://www.google.com/maps/place/Guadalajara+Authentic+Mexican+Buffet/@39.740377599999995,-104.8554162,14z/data=!4m8!1m2!2m1!1sGuadalajara+Authentic+Mexican+Buffet!3m4!1s0x876c7cb0cb4a9cdf:0xea188563b618c74!8m2!3d39.740377599999995!4d-104.8554162",2026-08-06,ChIJ35xKy7B8bIcRdIxhO1aIoQ4
Phở 777,C,Email,2,no Instagram,Hi there! I came across Phở 777 in Aurora and loved what you're doing. I help vietnamese restaurants get found by more local customers on Google — mind if I share a quick idea here?,,,,+1 303-369-2220,tramitran785@yahoo.com,,,https://pho777au.com/,real,"562 S Chambers Rd, Aurora, CO 80017",Aurora,Vietnamese restaurant,4.2,758.0,"https://www.google.com/maps/place/Ph%E1%BB%9F+777/@39.7066243,-104.8093938,14z/data=!4m8!1m2!2m1!1sPh%E1%BB%9F+777!3m4!1s0x876c62f1fa2e510d:0x330ff04c860c3514!8m2!3d39.7066243!4d-104.8093938",2026-08-06,ChIJDVEu-vFibIcRFDUMhkzwDzM
Jimmy John's,C,DM,1,no ad tracking,Hi there! I came across Jimmy John's in Aurora and loved what you're doing. I help sandwich shops get found by more local customers on Google — mind if I share a quick idea here?,,,,+1 303-366-9000,,https://www.instagram.com/jimmyjohns,https://www.facebook.com/jimmyjohns,https://locations.jimmyjohns.com/co/aurora/sandwiches-596.html%3Futm_source%3Dgoogle-my-business%26utm_medium%3Dorganic%26utm_campaign%3Dwebsite-link%26y_source%3D1_MjAyNDA4MzE5OC03MTUtbG9jYXRpb24ud2Vic2l0ZQ%253D%253D,real,"12501 E 17th Ave, Aurora, CO 80045",Aurora,Sandwich shop,3.2,157.0,"https://www.google.com/maps/place/Jimmy+John%27s/@39.7437247,-104.8419358,14z/data=!4m8!1m2!2m1!1sJimmy+John%27s!3m4!1s0x876c634c3f93c74d:0x21c0638e62a278a7!8m2!3d39.7437247!4d-104.8419358",2026-08-06,ChIJTceTP0xjbIcRp3iiYo5jwCE
Masala Pizza,B,Email,6,no website; no Instagram; few reviews,"Hi there! I came across Masala Pizza in Aurora — great reviews, but I noticed people can't book or browse you online yet. I build simple sites for indian restaurants that turn Google searches into booked appointments — mind if I share a quick idea here?",,,,+1 720-813-7782,masalapizzacolorado@gmail.com,,,,none,"12501 E 17th Ave Unit e b, Aurora, CO 80045",Aurora,Indian restaurant,4.8,11.0,"https://www.google.com/maps/place/Masala+Pizza/@39.7437262,-104.8419385,14z/data=!4m8!1m2!2m1!1sMasala+Pizza!3m4!1s0x876c639a266df3e9:0xfab6b787c12f8b3b!8m2!3d39.7437262!4d-104.8419385",2026-08-06,ChIJ6fNtJppjbIcRO4svwYe3tvo
"Aurora, CO 80046",D,Needs research,6,no website; no Instagram; few reviews,"Hi there! I came across Aurora, CO 80046 in Aurora — great reviews, but I noticed people can't book or browse you online yet. I build simple sites for postal codes that turn Google searches into booked appointments — mind if I share a quick idea here?",,,,,,,,,none,"Aurora, CO",Aurora,Postal code,,,"https://www.google.com/maps/place/Aurora%2C+CO+80046/@39.629999999999995,-104.8,14z/data=!4m8!1m2!2m1!1sAurora%2C+CO+80046!3m4!1s0x876c88e2944df093:0xb8a2b2e561f479ae!8m2!3d39.629999999999995!4d-104.8",2026-08-06,ChIJk_BNlOKIbIcRrnn0YeWyorg
